case_id,arrived,duration_hours,resolved,sla_hours,awaiting_third_party,backlog_index,case_type,channel,complexity,priority,team
C00123,2026-01-05 09:24:23,94.6585,1,128.0000,0,0.2922,Death Claim,Phone,0.1366,Standard,Claims
C01141,2026-01-05 10:00:17,26.9546,1,57.0000,0,0.3279,Complaint,Post,0.3909,Urgent,Complaints
C00972,2026-01-05 10:52:28,31.2876,1,76.0000,0,0.3522,Complaint,Portal,0.4322,Standard,Complaints
C00983,2026-01-05 12:25:18,18.7128,1,48.0000,0,0.2646,Retirement Quote,Portal,0.3457,Urgent,Benefits
C00077,2026-01-05 12:40:35,45.6446,1,64.0000,0,0.3526,Retirement Quote,Phone,0.5054,Standard,Benefits
C01146,2026-01-05 13:07:10,394.9493,1,76.0000,1,0.3749,Complaint,Phone,0.4230,Standard,Complaints
C00693,2026-01-05 14:38:35,8.1797,1,64.0000,1,0.2858,Retirement Quote,Portal,0.2422,Standard,Benefits
C01464,2026-01-05 14:41:02,88.9930,1,64.0000,0,0.4549,Retirement Quote,Portal,0.6400,Standard,Benefits
C01138,2026-01-05 14:49:44,151.9347,1,48.0000,1,0.2964,Retirement Quote,Portal,0.4537,Urgent,Benefits
C00139,2026-01-05 14:56:23,41.4362,1,72.0000,0,0.3303,Transfer Out,Phone,0.2688,Urgent,Transfers
C01329,2026-01-05 15:30:10,62.3287,1,96.0000,0,0.2900,Transfer Out,Portal,0.5424,Standard,Transfers
C01136,2026-01-05 16:23:55,60.8955,1,128.0000,0,0.2482,Death Claim,Phone,0.5446,Standard,Claims
C00471,2026-01-06 09:55:52,8.3703,1,48.0000,0,0.2277,Retirement Quote,Portal,0.3813,Urgent,Benefits
C00992,2026-01-06 10:08:08,95.2397,1,76.0000,0,0.3079,Complaint,Post,0.4772,Standard,Complaints
C00811,2026-01-06 10:37:02,346.1586,1,76.0000,1,0.3062,Complaint,Portal,0.7662,Standard,Complaints
C00446,2026-01-06 10:54:11,926.3779,1,128.0000,1,0.2832,Death Claim,Post,0.6893,Standard,Claims
C00173,2026-01-06 11:59:59,4.9839,1,76.0000,0,0.3046,Complaint,Portal,0.1344,Standard,Complaints
C01113,2026-01-06 12:00:44,24.7640,1,76.0000,0,0.3165,Complaint,Portal,0.0755,Standard,Complaints
C00926,2026-01-06 12:09:12,3.2711,1,52.0000,0,0.3471,Contribution Correction,Post,0.2324,Standard,Contributions
C01117,2026-01-06 14:04:11,9.8354,1,52.0000,0,0.3735,Contribution Correction,Phone,0.5423,Standard,Contributions
C01331,2026-01-06 16:16:02,65.5698,1,96.0000,0,0.3707,Transfer Out,Portal,0.8548,Standard,Transfers
C00771,2026-01-06 16:17:45,335.3991,1,52.0000,1,0.3579,Contribution Correction,Post,0.2699,Standard,Contributions
C00792,2026-01-07 09:05:35,52.9474,1,52.0000,0,0.3747,Contribution Correction,Portal,0.6232,Standard,Contributions
C00206,2026-01-07 09:08:50,39.6860,1,64.0000,0,0.2845,Retirement Quote,Phone,0.2558,Standard,Benefits
C00326,2026-01-07 09:15:10,101.2370,1,96.0000,0,0.1937,Transfer Out,Portal,0.3610,Standard,Transfers
C00017,2026-01-07 10:17:32,33.7835,1,39.0000,0,0.3551,Contribution Correction,Phone,0.3862,Urgent,Contributions
C01450,2026-01-07 11:10:24,53.5716,1,96.0000,0,0.4258,Transfer Out,Portal,0.6736,Standard,Transfers
C00556,2026-01-07 11:47:04,17.1086,1,52.0000,0,0.3997,Contribution Correction,Phone,0.7576,Standard,Contributions
C00932,2026-01-07 12:04:54,68.0601,1,48.0000,0,0.3034,Retirement Quote,Portal,0.7934,Urgent,Benefits
C00285,2026-01-07 12:36:44,27.1097,1,64.0000,0,0.2228,Retirement Quote,Post,0.1499,Standard,Benefits
C00060,2026-01-07 13:06:53,369.4223,1,64.0000,1,0.4157,Retirement Quote,Portal,0.5200,Standard,Benefits
C01044,2026-01-07 13:07:50,38.9871,1,64.0000,0,0.2837,Retirement Quote,Portal,0.3987,Standard,Benefits
C00267,2026-01-07 13:16:00,24.7760,1,96.0000,0,0.2837,Transfer Out,Phone,0.3447,Standard,Transfers
C00872,2026-01-07 14:13:56,26.5132,1,52.0000,0,0.3004,Contribution Correction,Portal,0.5121,Standard,Contributions
C01372,2026-01-07 15:40:19,1.2373,1,52.0000,0,0.3067,Contribution Correction,Portal,0.0938,Standard,Contributions
C00783,2026-01-07 16:26:14,25.4181,1,128.0000,0,0.3996,Death Claim,Post,0.3463,Standard,Claims
C01376,2026-01-08 09:09:07,330.0965,1,128.0000,1,0.2884,Death Claim,Portal,0.5127,Standard,Claims
C00196,2026-01-08 09:42:02,164.4741,1,128.0000,1,0.2812,Death Claim,Phone,0.4688,Standard,Claims
C01460,2026-01-08 10:45:34,60.4089,1,72.0000,0,0.3634,Transfer Out,Phone,0.4780,Urgent,Transfers
C01168,2026-01-08 10:57:37,105.7488,1,64.0000,0,0.3022,Retirement Quote,Portal,0.4272,Standard,Benefits
C00229,2026-01-08 11:17:11,15.4117,1,76.0000,0,0.3266,Complaint,Portal,0.4177,Standard,Complaints
C00279,2026-01-08 11:34:46,310.8253,1,64.0000,1,0.3149,Retirement Quote,Portal,0.6181,Standard,Benefits
C00804,2026-01-08 14:34:26,46.1606,1,64.0000,0,0.2896,Retirement Quote,Phone,0.4383,Standard,Benefits
C00252,2026-01-09 09:22:58,47.9380,1,48.0000,0,0.3262,Retirement Quote,Post,0.3521,Urgent,Benefits
C01158,2026-01-09 11:04:05,88.7167,1,64.0000,0,0.2632,Retirement Quote,Post,0.2003,Standard,Benefits
C00246,2026-01-09 11:20:38,36.3720,1,48.0000,0,0.3451,Retirement Quote,Portal,0.2191,Urgent,Benefits
C01157,2026-01-09 12:15:07,21.5573,1,64.0000,0,0.3209,Retirement Quote,Portal,0.0395,Standard,Benefits
C01027,2026-01-09 13:30:39,34.5470,1,96.0000,0,0.2179,Transfer Out,Phone,0.1369,Standard,Transfers
C00806,2026-01-09 13:49:01,329.0349,1,76.0000,1,0.3276,Complaint,Post,0.4324,Standard,Complaints
C01497,2026-01-09 14:04:08,37.5660,1,48.0000,0,0.3404,Retirement Quote,Phone,0.5468,Urgent,Benefits
C01496,2026-01-09 14:09:45,8.4066,1,52.0000,1,0.2890,Contribution Correction,Portal,0.0130,Standard,Contributions
C01047,2026-01-09 14:53:24,12.3835,1,76.0000,0,0.3701,Complaint,Portal,0.4637,Standard,Complaints
C01247,2026-01-09 15:43:40,19.0829,1,39.0000,0,0.3047,Contribution Correction,Portal,0.6735,Urgent,Contributions
C00297,2026-01-09 15:50:08,181.3590,1,128.0000,1,0.2280,Death Claim,Phone,0.4936,Standard,Claims
C01478,2026-01-09 15:52:43,42.5444,1,39.0000,0,0.3583,Contribution Correction,Phone,0.5869,Urgent,Contributions
C00198,2026-01-12 09:00:00,35.9878,1,64.0000,0,0.3554,Retirement Quote,Post,0.6675,Standard,Benefits
C00278,2026-01-12 09:00:00,27.7616,1,96.0000,0,0.3455,Transfer Out,Phone,0.3296,Standard,Transfers
C00511,2026-01-12 09:00:00,24.6413,1,48.0000,1,0.4249,Retirement Quote,Portal,0.2034,Urgent,Benefits
C00552,2026-01-12 09:00:00,27.5311,1,48.0000,0,0.2664,Retirement Quote,Portal,0.5094,Urgent,Benefits
C00617,2026-01-12 09:00:00,91.0830,1,52.0000,0,0.4190,Contribution Correction,Phone,0.8596,Standard,Contributions
C00621,2026-01-12 09:00:00,4.5796,1,128.0000,0,0.3736,Death Claim,Portal,0.2968,Standard,Claims
C00853,2026-01-12 09:00:00,82.3157,1,48.0000,0,0.3329,Retirement Quote,Portal,0.6628,Urgent,Benefits
C00888,2026-01-12 09:00:00,330.0517,1,128.0000,1,0.2708,Death Claim,Post,0.6076,Standard,Claims
C00917,2026-01-12 09:00:00,107.2077,1,96.0000,0,0.4253,Transfer Out,Portal,0.6860,Standard,Transfers
C01128,2026-01-12 09:00:00,86.8055,1,64.0000,0,0.2876,Retirement Quote,Post,0.4840,Standard,Benefits
C01132,2026-01-12 09:00:00,145.0942,1,96.0000,1,0.3276,Death Claim,Phone,0.5051,Urgent,Claims
C01155,2026-01-12 09:00:00,123.6781,1,52.0000,0,0.3614,Contribution Correction,Portal,0.6517,Standard,Contributions
C01201,2026-01-12 09:00:00,15.5141,1,72.0000,0,0.2549,Transfer Out,Portal,0.5267,Urgent,Transfers
C01215,2026-01-12 09:00:00,6.9216,1,48.0000,0,0.3060,Retirement Quote,Portal,0.3925,Urgent,Benefits
C01355,2026-01-12 09:00:00,77.7730,1,96.0000,0,0.3274,Transfer Out,Portal,0.2993,Standard,Transfers
C01397,2026-01-12 09:00:00,124.5187,1,64.0000,0,0.3705,Retirement Quote,Portal,0.2904,Standard,Benefits
C01098,2026-01-12 09:49:48,102.7480,1,52.0000,0,0.2334,Contribution Correction,Post,0.5168,Standard,Contributions
C00485,2026-01-12 10:59:02,7.8876,1,96.0000,0,0.2855,Death Claim,Portal,0.3444,Urgent,Claims
C01476,2026-01-12 11:37:29,80.0558,1,52.0000,0,0.3634,Contribution Correction,Portal,0.5436,Standard,Contributions
C00153,2026-01-12 11:54:26,11.9440,1,39.0000,0,0.2095,Contribution Correction,Post,0.3690,Urgent,Contributions
C00914,2026-01-12 14:59:46,32.3232,1,64.0000,0,0.3797,Retirement Quote,Phone,0.4430,Standard,Benefits
C01221,2026-01-12 15:49:12,47.8087,1,64.0000,0,0.3474,Retirement Quote,Portal,0.5568,Standard,Benefits
C01332,2026-01-12 16:41:08,382.8695,1,96.0000,1,0.3123,Death Claim,Portal,0.7552,Urgent,Claims
C00480,2026-01-13 10:27:06,52.4119,1,96.0000,0,0.3877,Transfer Out,Portal,0.4703,Standard,Transfers
C01110,2026-01-13 12:03:29,89.5605,1,96.0000,0,0.3460,Transfer Out,Post,0.6113,Standard,Transfers
C00886,2026-01-13 13:00:34,78.5186,1,76.0000,0,0.3289,Complaint,Portal,0.1973,Standard,Complaints
C01237,2026-01-13 13:13:26,63.2124,1,128.0000,0,0.3843,Death Claim,Post,0.1166,Standard,Claims
C00824,2026-01-13 14:28:29,102.3461,1,52.0000,0,0.2379,Contribution Correction,Post,0.7242,Standard,Contributions
C00900,2026-01-13 14:42:00,82.6765,1,96.0000,0,0.2921,Transfer Out,Portal,0.2155,Standard,Transfers
C01344,2026-01-13 16:40:13,11.1665,1,52.0000,0,0.3438,Contribution Correction,Post,0.1628,Standard,Contributions
C01176,2026-01-13 16:43:54,329.5713,1,64.0000,1,0.2285,Retirement Quote,Portal,0.6783,Standard,Benefits
C00648,2026-01-14 11:26:48,59.1427,1,96.0000,1,0.2704,Death Claim,Post,0.8695,Urgent,Claims
C00386,2026-01-14 11:28:50,49.0121,1,128.0000,0,0.2093,Death Claim,Portal,0.7157,Standard,Claims
C00194,2026-01-14 13:09:56,23.5935,1,128.0000,0,0.3431,Death Claim,Portal,0.7233,Standard,Claims
C01147,2026-01-14 13:45:42,955.2382,0,76.0000,1,0.2794,Complaint,Portal,0.8622,Standard,Complaints
C00554,2026-01-14 13:49:16,12.8765,1,64.0000,0,0.3159,Retirement Quote,Phone,0.0466,Standard,Benefits
C00679,2026-01-14 13:54:32,165.3081,1,96.0000,1,0.2701,Transfer Out,Post,0.2417,Standard,Transfers
C00776,2026-01-14 13:57:01,277.7085,1,72.0000,1,0.3421,Transfer Out,Phone,0.5975,Urgent,Transfers
C00375,2026-01-14 14:03:50,76.3265,1,96.0000,0,0.3294,Transfer Out,Phone,0.1860,Standard,Transfers
C00432,2026-01-14 15:45:53,106.2746,1,128.0000,1,0.2693,Death Claim,Portal,0.3048,Standard,Claims
C00241,2026-01-14 16:36:42,289.5539,1,52.0000,1,0.3567,Contribution Correction,Post,0.6557,Standard,Contributions
C01359,2026-01-15 09:52:29,41.0350,1,128.0000,0,0.3089,Death Claim,Portal,0.9406,Standard,Claims
C01090,2026-01-15 10:00:56,145.2461,1,96.0000,1,0.3474,Transfer Out,Post,0.1230,Standard,Transfers
C00192,2026-01-15 11:15:41,160.7627,1,64.0000,0,0.3416,Retirement Quote,Post,0.3758,Standard,Benefits
C00188,2026-01-15 12:20:49,0.3061,1,64.0000,0,0.2394,Retirement Quote,Portal,0.3174,Standard,Benefits
C00889,2026-01-15 12:23:02,454.9829,1,128.0000,1,0.2373,Death Claim,Portal,0.4048,Standard,Claims
C00584,2026-01-15 13:12:41,17.6910,1,64.0000,0,0.3144,Retirement Quote,Phone,0.3515,Standard,Benefits
C00138,2026-01-15 14:35:27,133.8248,1,64.0000,0,0.2835,Retirement Quote,Portal,0.6938,Standard,Benefits
C00166,2026-01-15 16:51:02,42.7245,1,64.0000,1,0.2393,Retirement Quote,Portal,0.1562,Standard,Benefits
C00665,2026-01-16 09:03:58,17.6504,1,52.0000,0,0.3229,Contribution Correction,Portal,0.9241,Standard,Contributions
C00667,2026-01-16 09:42:05,93.4985,1,128.0000,0,0.4108,Death Claim,Post,0.4480,Standard,Claims
C00022,2026-01-16 12:49:13,212.9309,1,96.0000,1,0.3118,Death Claim,Post,0.4364,Urgent,Claims
C00304,2026-01-19 09:00:00,1.2078,1,128.0000,0,0.2310,Death Claim,Portal,0.3548,Standard,Claims
C00377,2026-01-19 09:00:00,43.8086,1,96.0000,1,0.4786,Transfer Out,Phone,0.3170,Standard,Transfers
C00519,2026-01-19 09:00:00,53.6514,1,64.0000,0,0.4113,Retirement Quote,Portal,0.0676,Standard,Benefits
C00539,2026-01-19 09:00:00,65.2939,1,64.0000,0,0.3279,Retirement Quote,Phone,0.5406,Standard,Benefits
C00548,2026-01-19 09:00:00,1.2854,1,39.0000,0,0.3247,Contribution Correction,Post,0.1521,Urgent,Contributions
C00636,2026-01-19 09:00:00,129.5654,1,96.0000,1,0.3827,Transfer Out,Portal,0.2864,Standard,Transfers
C00720,2026-01-19 09:00:00,130.5198,1,48.0000,1,0.3596,Retirement Quote,Portal,0.1418,Urgent,Benefits
C00826,2026-01-19 09:00:00,124.3454,1,64.0000,0,0.3435,Retirement Quote,Phone,0.2620,Standard,Benefits
C01001,2026-01-19 09:00:00,140.4033,1,72.0000,0,0.3336,Transfer Out,Post,0.3540,Urgent,Transfers
C01175,2026-01-19 09:00:00,46.1441,1,64.0000,0,0.3122,Retirement Quote,Post,0.1906,Standard,Benefits
C01193,2026-01-19 09:00:00,155.7995,1,96.0000,0,0.2835,Transfer Out,Phone,0.2951,Standard,Transfers
C01199,2026-01-19 09:00:00,142.6076,1,52.0000,0,0.2550,Contribution Correction,Post,0.6172,Standard,Contributions
C01371,2026-01-19 09:00:00,20.0580,1,64.0000,0,0.3475,Retirement Quote,Portal,0.2105,Standard,Benefits
C01467,2026-01-19 09:00:00,4.5880,1,96.0000,0,0.3018,Transfer Out,Portal,0.4573,Standard,Transfers
C01290,2026-01-19 09:19:36,22.6199,1,96.0000,0,0.3492,Death Claim,Phone,0.2967,Urgent,Claims
C01447,2026-01-19 09:36:54,17.1583,1,52.0000,0,0.2770,Contribution Correction,Portal,0.1079,Standard,Contributions
C00454,2026-01-19 10:01:05,40.7556,1,52.0000,0,0.3193,Contribution Correction,Phone,0.3031,Standard,Contributions
C00639,2026-01-19 10:27:23,9.8548,1,48.0000,0,0.3127,Retirement Quote,Phone,0.1657,Urgent,Benefits
C01312,2026-01-19 11:49:53,33.9903,1,64.0000,0,0.4112,Retirement Quote,Portal,0.6118,Standard,Benefits
C01009,2026-01-19 11:57:34,41.4440,1,52.0000,0,0.2712,Contribution Correction,Portal,0.0593,Standard,Contributions
C00431,2026-01-19 12:51:56,346.5217,1,64.0000,1,0.3644,Retirement Quote,Portal,0.2784,Standard,Benefits
C00323,2026-01-19 14:03:08,50.7459,1,64.0000,0,0.3290,Retirement Quote,Post,0.7631,Standard,Benefits
C00272,2026-01-20 09:06:39,195.7821,1,76.0000,1,0.3319,Complaint,Phone,0.4901,Standard,Complaints
C00401,2026-01-20 10:12:27,16.4291,1,39.0000,0,0.3927,Contribution Correction,Post,0.8518,Urgent,Contributions
C00866,2026-01-20 12:52:45,24.1306,1,72.0000,0,0.3110,Transfer Out,Post,0.1237,Urgent,Transfers
C00453,2026-01-20 14:49:58,70.6716,1,57.0000,1,0.3129,Complaint,Portal,0.3864,Urgent,Complaints
C00140,2026-01-20 15:51:41,74.9892,1,52.0000,0,0.4151,Contribution Correction,Portal,0.5068,Standard,Contributions
C00835,2026-01-21 10:25:18,2.3344,1,96.0000,1,0.3435,Death Claim,Portal,0.2523,Urgent,Claims
C00883,2026-01-21 11:04:11,86.4855,1,128.0000,1,0.2814,Death Claim,Portal,0.0796,Standard,Claims
C00530,2026-01-21 11:04:25,86.2416,1,64.0000,0,0.3972,Retirement Quote,Post,0.6810,Standard,Benefits
C00796,2026-01-21 12:30:51,23.6320,1,128.0000,0,0.3351,Death Claim,Portal,0.1000,Standard,Claims
C00288,2026-01-21 13:31:23,172.7964,1,52.0000,1,0.3261,Contribution Correction,Portal,0.3368,Standard,Contributions
C00103,2026-01-21 15:02:31,49.6985,1,64.0000,0,0.4150,Retirement Quote,Post,0.7283,Standard,Benefits
C00353,2026-01-21 15:32:53,15.7163,1,52.0000,0,0.3336,Contribution Correction,Portal,0.2529,Standard,Contributions
C01212,2026-01-21 16:15:56,34.0440,1,52.0000,0,0.2941,Contribution Correction,Portal,0.2677,Standard,Contributions
C00012,2026-01-22 10:52:32,31.6872,1,96.0000,1,0.3164,Transfer Out,Phone,0.1024,Standard,Transfers
C00114,2026-01-22 11:53:39,84.8198,1,96.0000,0,0.3513,Transfer Out,Portal,0.6483,Standard,Transfers
C01225,2026-01-22 12:35:31,3.5459,1,52.0000,0,0.3789,Contribution Correction,Portal,0.5016,Standard,Contributions
C00243,2026-01-22 14:35:19,68.9526,1,72.0000,0,0.3666,Transfer Out,Post,0.5747,Urgent,Transfers
C00910,2026-01-22 14:36:37,418.7866,1,64.0000,1,0.2804,Retirement Quote,Phone,0.3628,Standard,Benefits
C00049,2026-01-22 14:53:23,103.7892,1,128.0000,0,0.3310,Death Claim,Phone,0.4301,Standard,Claims
C01235,2026-01-22 15:23:06,150.7400,1,64.0000,1,0.2298,Retirement Quote,Portal,0.5071,Standard,Benefits
C00231,2026-01-22 16:37:28,107.3551,1,96.0000,1,0.3543,Transfer Out,Phone,0.8405,Standard,Transfers
C00070,2026-01-22 16:54:11,54.4230,1,39.0000,0,0.2686,Contribution Correction,Portal,0.4320,Urgent,Contributions
C01106,2026-01-23 11:41:40,32.8275,1,64.0000,0,0.2771,Retirement Quote,Phone,0.5416,Standard,Benefits
C00282,2026-01-23 12:06:16,33.8133,1,64.0000,1,0.2475,Retirement Quote,Phone,0.4730,Standard,Benefits
C01455,2026-01-23 15:22:43,103.4497,1,96.0000,0,0.3753,Transfer Out,Portal,0.5026,Standard,Transfers
C00067,2026-01-23 15:43:24,5.3176,1,64.0000,0,0.2604,Retirement Quote,Phone,0.2548,Standard,Benefits
C01330,2026-01-23 15:44:23,38.8913,1,72.0000,0,0.3159,Transfer Out,Portal,0.1198,Urgent,Transfers
C00251,2026-01-23 15:55:07,32.1300,1,76.0000,0,0.3173,Complaint,Phone,0.4875,Standard,Complaints
C00293,2026-01-23 15:55:59,12.2048,1,128.0000,0,0.2658,Death Claim,Portal,0.5775,Standard,Claims
C00007,2026-01-26 09:00:00,48.8255,1,128.0000,0,0.3896,Death Claim,Portal,0.3893,Standard,Claims
C00181,2026-01-26 09:00:00,10.5077,1,64.0000,0,0.3760,Retirement Quote,Portal,0.3189,Standard,Benefits
C00477,2026-01-26 09:00:00,23.4955,1,39.0000,0,0.3129,Contribution Correction,Post,0.1659,Urgent,Contributions
C00593,2026-01-26 09:00:00,23.9742,1,52.0000,0,0.3078,Contribution Correction,Post,0.4102,Standard,Contributions
C00671,2026-01-26 09:00:00,27.5473,1,128.0000,0,0.2719,Death Claim,Post,0.3251,Standard,Claims
C00696,2026-01-26 09:00:00,73.3439,1,76.0000,0,0.3801,Complaint,Phone,0.5291,Standard,Complaints
C00957,2026-01-26 09:00:00,18.8210,1,96.0000,0,0.4018,Transfer Out,Portal,0.2386,Standard,Transfers
C01012,2026-01-26 09:00:00,60.3194,1,52.0000,0,0.3739,Contribution Correction,Post,0.3903,Standard,Contributions
C01023,2026-01-26 09:00:00,17.1415,1,52.0000,0,0.3230,Contribution Correction,Phone,0.6387,Standard,Contributions
C01093,2026-01-26 09:00:00,5.6170,1,64.0000,0,0.3911,Retirement Quote,Phone,0.3399,Standard,Benefits
C01174,2026-01-26 09:00:00,10.2741,1,64.0000,0,0.4582,Retirement Quote,Post,0.3836,Standard,Benefits
C01291,2026-01-26 09:00:00,67.4977,1,52.0000,0,0.3657,Contribution Correction,Phone,0.1271,Standard,Contributions
C01351,2026-01-26 09:00:00,33.7830,1,64.0000,0,0.2566,Retirement Quote,Phone,0.3728,Standard,Benefits
C01406,2026-01-26 09:41:13,38.0485,1,72.0000,0,0.3299,Transfer Out,Portal,0.2839,Urgent,Transfers
C00873,2026-01-26 11:05:44,73.4392,1,72.0000,0,0.2157,Transfer Out,Post,0.7431,Urgent,Transfers
C00734,2026-01-26 11:07:15,43.8894,1,39.0000,0,0.3573,Contribution Correction,Portal,0.4182,Urgent,Contributions
C01252,2026-01-26 11:10:57,15.7395,1,52.0000,0,0.3594,Contribution Correction,Portal,0.7289,Standard,Contributions
C01013,2026-01-26 13:58:26,4.1371,1,96.0000,0,0.3427,Transfer Out,Portal,0.1742,Standard,Transfers
C00977,2026-01-26 14:00:14,10.9972,1,128.0000,0,0.3058,Death Claim,Portal,0.4387,Standard,Claims
C00343,2026-01-26 16:11:35,48.1981,1,96.0000,0,0.3456,Transfer Out,Post,0.6619,Standard,Transfers
C00040,2026-01-27 09:22:34,71.2324,1,48.0000,0,0.4102,Retirement Quote,Phone,0.3806,Urgent,Benefits
C01428,2026-01-27 10:03:09,32.3204,1,96.0000,0,0.3687,Transfer Out,Portal,0.1387,Standard,Transfers
C01081,2026-01-27 10:23:30,154.3306,1,64.0000,1,0.3181,Retirement Quote,Portal,0.0848,Standard,Benefits
C00714,2026-01-27 10:48:08,114.9138,1,76.0000,0,0.3978,Complaint,Portal,0.5029,Standard,Complaints
C00516,2026-01-27 11:15:40,38.4883,1,128.0000,0,0.3605,Death Claim,Post,0.4877,Standard,Claims
C01165,2026-01-27 11:21:59,565.9623,1,64.0000,1,0.2655,Retirement Quote,Post,0.3296,Standard,Benefits
C01439,2026-01-27 11:52:29,7.4820,1,52.0000,0,0.3437,Contribution Correction,Portal,0.5628,Standard,Contributions
C01031,2026-01-27 12:22:55,20.6210,1,96.0000,0,0.3497,Transfer Out,Portal,0.3787,Standard,Transfers
C01305,2026-01-27 12:23:45,28.8241,1,48.0000,1,0.3753,Retirement Quote,Portal,0.2950,Urgent,Benefits
C00129,2026-01-27 13:04:04,265.4138,1,52.0000,1,0.3512,Contribution Correction,Phone,0.5147,Standard,Contributions
C00765,2026-01-27 13:43:33,11.0276,1,52.0000,0,0.3760,Contribution Correction,Portal,0.0881,Standard,Contributions
C01114,2026-01-27 14:53:28,44.5577,1,96.0000,0,0.3874,Transfer Out,Portal,0.4391,Standard,Transfers
C00436,2026-01-27 16:31:38,143.7667,1,64.0000,1,0.4407,Retirement Quote,Portal,0.5805,Standard,Benefits
C00582,2026-01-28 09:52:53,22.7067,1,96.0000,0,0.3593,Transfer Out,Phone,0.5982,Standard,Transfers
C01300,2026-01-28 10:02:44,11.9154,1,72.0000,0,0.3250,Transfer Out,Portal,0.1364,Urgent,Transfers
C00606,2026-01-28 13:36:24,29.3341,1,64.0000,0,0.3672,Retirement Quote,Post,0.5081,Standard,Benefits
C01484,2026-01-28 14:10:58,12.6492,1,64.0000,0,0.3558,Retirement Quote,Portal,0.5656,Standard,Benefits
C01002,2026-01-28 14:41:58,19.7609,1,52.0000,0,0.3418,Contribution Correction,Phone,0.2033,Standard,Contributions
C01395,2026-01-28 15:17:12,374.3861,1,76.0000,1,0.3436,Complaint,Post,0.5571,Standard,Complaints
C01244,2026-01-28 15:46:38,47.9150,1,48.0000,0,0.2933,Retirement Quote,Post,0.5379,Urgent,Benefits
C00692,2026-01-28 16:01:26,4.9291,1,64.0000,0,0.2363,Retirement Quote,Portal,0.4995,Standard,Benefits
C00857,2026-01-28 16:04:07,47.3891,1,96.0000,0,0.3569,Death Claim,Post,0.4791,Urgent,Claims
C00324,2026-01-28 16:45:55,15.5273,1,64.0000,0,0.3822,Retirement Quote,Phone,0.4466,Standard,Benefits
C00612,2026-01-29 10:47:49,10.4189,1,64.0000,0,0.2848,Retirement Quote,Portal,0.2893,Standard,Benefits
C00695,2026-01-29 13:19:11,7.6172,1,96.0000,0,0.3569,Transfer Out,Post,0.3032,Standard,Transfers
C01356,2026-01-29 14:04:27,75.4335,1,52.0000,0,0.2833,Contribution Correction,Portal,0.4521,Standard,Contributions
C01364,2026-01-29 15:41:07,144.8387,1,96.0000,0,0.4296,Death Claim,Post,0.4123,Urgent,Claims
C01096,2026-01-29 16:15:10,26.6804,1,52.0000,0,0.3090,Contribution Correction,Portal,0.7397,Standard,Contributions
C01269,2026-01-30 09:39:51,192.0544,1,64.0000,1,0.3968,Retirement Quote,Portal,0.5159,Standard,Benefits
C01405,2026-01-30 11:15:39,29.9731,1,48.0000,0,0.3106,Retirement Quote,Phone,0.5201,Urgent,Benefits
C00645,2026-01-30 11:31:58,65.2270,1,76.0000,0,0.3539,Complaint,Portal,0.3041,Standard,Complaints
C00521,2026-01-30 11:45:18,171.8581,1,96.0000,0,0.3744,Transfer Out,Post,0.6045,Standard,Transfers
C00078,2026-01-30 11:52:14,183.4504,1,64.0000,1,0.4235,Retirement Quote,Phone,0.4829,Standard,Benefits
C00605,2026-01-30 12:46:08,31.5234,1,52.0000,0,0.3769,Contribution Correction,Post,0.3517,Standard,Contributions
C01388,2026-01-30 13:32:49,0.9124,1,57.0000,0,0.4240,Complaint,Post,0.5894,Urgent,Complaints
C00409,2026-01-30 14:51:42,465.1634,1,128.0000,1,0.3161,Death Claim,Portal,0.6857,Standard,Claims
C01129,2026-01-30 16:58:33,116.9930,1,64.0000,0,0.3718,Retirement Quote,Phone,0.1490,Standard,Benefits
C00044,2026-02-02 09:00:00,27.4726,1,76.0000,0,0.3170,Complaint,Post,0.6931,Standard,Complaints
C00249,2026-02-02 09:00:00,856.0000,0,96.0000,1,0.4134,Transfer Out,Portal,0.6133,Standard,Transfers
C00271,2026-02-02 09:00:00,9.5105,1,96.0000,0,0.2866,Transfer Out,Phone,0.7517,Standard,Transfers
C00333,2026-02-02 09:00:00,311.5634,1,72.0000,1,0.2906,Transfer Out,Portal,0.4452,Urgent,Transfers
C00376,2026-02-02 09:00:00,5.5825,1,48.0000,0,0.3702,Retirement Quote,Portal,0.2775,Urgent,Benefits
C00628,2026-02-02 09:00:00,18.6684,1,76.0000,0,0.3872,Complaint,Portal,0.4936,Standard,Complaints
C00631,2026-02-02 09:00:00,30.9317,1,64.0000,0,0.4122,Retirement Quote,Portal,0.5361,Standard,Benefits
C00654,2026-02-02 09:00:00,79.7945,1,128.0000,0,0.3733,Death Claim,Portal,0.4140,Standard,Claims
C00736,2026-02-02 09:00:00,353.6013,1,52.0000,1,0.3302,Contribution Correction,Portal,0.3713,Standard,Contributions
C00740,2026-02-02 09:00:00,337.5481,1,64.0000,1,0.4749,Retirement Quote,Portal,0.8093,Standard,Benefits
C00831,2026-02-02 09:00:00,33.1517,1,48.0000,0,0.3351,Retirement Quote,Post,0.1808,Urgent,Benefits
C00855,2026-02-02 09:00:00,10.6142,1,64.0000,0,0.4314,Retirement Quote,Portal,0.3575,Standard,Benefits
C00869,2026-02-02 09:00:00,60.2910,1,96.0000,0,0.3444,Transfer Out,Phone,0.4301,Standard,Transfers
C00952,2026-02-02 09:00:00,149.1506,1,52.0000,0,0.3994,Contribution Correction,Portal,0.9511,Standard,Contributions
C01116,2026-02-02 09:00:00,62.9132,1,64.0000,0,0.4449,Retirement Quote,Portal,0.7569,Standard,Benefits
C01206,2026-02-02 09:00:00,131.1629,1,64.0000,1,0.3309,Retirement Quote,Portal,0.2399,Standard,Benefits
C01306,2026-02-02 09:00:00,44.9176,1,128.0000,0,0.2602,Death Claim,Portal,0.3213,Standard,Claims
C01313,2026-02-02 09:00:00,40.7073,1,76.0000,0,0.2719,Complaint,Portal,0.4660,Standard,Complaints
C01334,2026-02-02 09:00:00,39.5191,1,72.0000,0,0.3624,Transfer Out,Portal,0.1909,Urgent,Transfers
C01413,2026-02-02 09:00:00,23.8013,1,52.0000,0,0.3362,Contribution Correction,Portal,0.0913,Standard,Contributions
C01474,2026-02-02 09:00:00,13.9973,1,52.0000,0,0.3316,Contribution Correction,Post,0.8366,Standard,Contributions
C00828,2026-02-02 11:36:42,8.3699,1,76.0000,0,0.4085,Complaint,Phone,0.7586,Standard,Complaints
C01380,2026-02-02 11:38:38,15.8506,1,48.0000,0,0.4090,Retirement Quote,Post,0.1662,Urgent,Benefits
C00154,2026-02-02 16:13:52,24.3803,1,64.0000,0,0.3541,Retirement Quote,Phone,0.5580,Standard,Benefits
C01191,2026-02-02 16:14:49,61.4765,1,64.0000,1,0.3837,Retirement Quote,Phone,0.0188,Standard,Benefits
C00742,2026-02-03 10:03:53,14.9527,1,52.0000,0,0.4071,Contribution Correction,Portal,0.5935,Standard,Contributions
C00091,2026-02-03 10:22:45,3.7254,1,72.0000,0,0.3064,Transfer Out,Portal,0.3444,Urgent,Transfers
C00633,2026-02-03 11:01:54,75.8967,1,64.0000,1,0.3657,Retirement Quote,Portal,0.4117,Standard,Benefits
C00601,2026-02-03 11:23:41,845.6050,0,76.0000,1,0.2164,Complaint,Portal,0.8160,Standard,Complaints
C00035,2026-02-03 11:33:05,284.9446,1,64.0000,1,0.2788,Retirement Quote,Portal,0.7103,Standard,Benefits
C00275,2026-02-03 11:54:00,15.8923,1,64.0000,0,0.3349,Retirement Quote,Phone,0.5509,Standard,Benefits
C01080,2026-02-03 12:24:38,181.1297,1,64.0000,0,0.3609,Retirement Quote,Post,0.6375,Standard,Benefits
C01350,2026-02-03 13:13:01,17.7797,1,48.0000,0,0.4227,Retirement Quote,Post,0.2916,Urgent,Benefits
C01238,2026-02-03 13:20:36,8.6675,1,48.0000,0,0.3083,Retirement Quote,Post,0.3282,Urgent,Benefits
C00204,2026-02-03 13:43:07,123.9687,1,64.0000,1,0.3435,Retirement Quote,Phone,0.4309,Standard,Benefits
C00884,2026-02-03 14:37:24,3.8096,1,96.0000,0,0.3953,Transfer Out,Portal,0.3378,Standard,Transfers
C00329,2026-02-03 15:09:08,6.1079,1,128.0000,0,0.2854,Death Claim,Post,0.6654,Standard,Claims
C01049,2026-02-03 15:31:44,10.5229,1,96.0000,0,0.4114,Transfer Out,Phone,0.0680,Standard,Transfers
C00520,2026-02-03 15:32:38,41.9023,1,64.0000,0,0.3903,Retirement Quote,Portal,0.5311,Standard,Benefits
C00417,2026-02-03 15:56:22,77.9095,1,48.0000,0,0.3904,Retirement Quote,Post,0.5409,Urgent,Benefits
C00472,2026-02-03 16:28:32,7.0996,1,128.0000,0,0.4615,Death Claim,Post,0.3479,Standard,Claims
C01230,2026-02-04 09:06:55,49.0608,1,64.0000,0,0.4219,Retirement Quote,Portal,0.2092,Standard,Benefits
C01195,2026-02-04 10:41:47,44.6326,1,52.0000,0,0.3639,Contribution Correction,Portal,0.3070,Standard,Contributions
C00466,2026-02-04 10:44:38,17.3434,1,64.0000,0,0.4203,Retirement Quote,Portal,0.2466,Standard,Benefits
C00057,2026-02-04 11:27:57,1.0603,1,128.0000,0,0.3594,Death Claim,Portal,0.3408,Standard,Claims
C00089,2026-02-04 12:46:51,16.9001,1,96.0000,1,0.3815,Transfer Out,Phone,0.1683,Standard,Transfers
C01053,2026-02-04 12:49:56,288.3450,1,96.0000,1,0.5130,Transfer Out,Phone,0.2612,Standard,Transfers
C00588,2026-02-04 15:09:04,91.1219,1,96.0000,0,0.4506,Transfer Out,Post,0.5720,Standard,Transfers
C01055,2026-02-04 15:20:48,22.4591,1,96.0000,0,0.3899,Transfer Out,Portal,0.3861,Standard,Transfers
C01309,2026-02-04 15:37:28,83.3807,1,64.0000,0,0.3143,Retirement Quote,Post,0.4982,Standard,Benefits
C01276,2026-02-04 16:51:02,4.2761,1,96.0000,0,0.4177,Transfer Out,Phone,0.4163,Standard,Transfers
C00470,2026-02-05 10:42:25,29.9720,1,76.0000,0,0.3165,Complaint,Phone,0.3864,Standard,Complaints
C01153,2026-02-05 10:46:28,46.9003,1,64.0000,0,0.4574,Retirement Quote,Phone,0.3679,Standard,Benefits
C01293,2026-02-05 13:06:26,35.2063,1,52.0000,1,0.3196,Contribution Correction,Phone,0.2933,Standard,Contributions
C01063,2026-02-05 13:09:41,38.5937,1,52.0000,0,0.3461,Contribution Correction,Portal,0.7032,Standard,Contributions
C00760,2026-02-05 14:02:38,173.6812,1,64.0000,0,0.3112,Retirement Quote,Phone,0.2933,Standard,Benefits
C00475,2026-02-05 15:41:41,7.5344,1,64.0000,0,0.2911,Retirement Quote,Phone,0.6970,Standard,Benefits
C00301,2026-02-05 15:59:15,35.9738,1,76.0000,0,0.3342,Complaint,Post,0.1025,Standard,Complaints
C01154,2026-02-05 16:35:59,11.9181,1,48.0000,0,0.3291,Retirement Quote,Portal,0.1704,Urgent,Benefits
C00512,2026-02-06 11:46:02,226.0767,1,72.0000,1,0.4383,Transfer Out,Portal,0.5429,Urgent,Transfers
C01069,2026-02-06 12:21:33,189.2789,1,48.0000,1,0.3292,Retirement Quote,Portal,0.1904,Urgent,Benefits
C01003,2026-02-06 13:15:11,28.7768,1,57.0000,0,0.3589,Complaint,Portal,0.1635,Urgent,Complaints
C00307,2026-02-06 13:45:13,218.4170,1,48.0000,1,0.3041,Retirement Quote,Phone,0.4883,Urgent,Benefits
C00572,2026-02-06 14:27:41,650.1168,1,64.0000,1,0.3680,Retirement Quote,Post,0.7113,Standard,Benefits
C00940,2026-02-06 15:02:47,42.3044,1,64.0000,1,0.2515,Retirement Quote,Portal,0.1410,Standard,Benefits
C00020,2026-02-09 09:00:00,417.3138,1,64.0000,1,0.3657,Retirement Quote,Post,0.2819,Standard,Benefits
C00065,2026-02-09 09:00:00,119.8718,1,57.0000,1,0.3620,Complaint,Post,0.2211,Urgent,Complaints
C00428,2026-02-09 09:00:00,52.4639,1,96.0000,0,0.3806,Transfer Out,Post,0.2624,Standard,Transfers
C00445,2026-02-09 09:00:00,2.2261,1,128.0000,0,0.2864,Death Claim,Phone,0.1471,Standard,Claims
C00465,2026-02-09 09:00:00,310.9041,1,96.0000,1,0.4007,Transfer Out,Post,0.4689,Standard,Transfers
C00800,2026-02-09 09:00:00,156.7506,1,52.0000,1,0.4659,Contribution Correction,Portal,0.2101,Standard,Contributions
C00834,2026-02-09 09:00:00,78.3684,1,52.0000,0,0.3586,Contribution Correction,Portal,0.4904,Standard,Contributions
C00916,2026-02-09 09:00:00,53.7074,1,76.0000,0,0.3901,Complaint,Post,0.3534,Standard,Complaints
C00961,2026-02-09 09:00:00,37.1553,1,39.0000,0,0.2372,Contribution Correction,Post,0.3053,Urgent,Contributions
C01059,2026-02-09 09:00:00,50.8764,1,76.0000,0,0.4632,Complaint,Portal,0.0494,Standard,Complaints
C01099,2026-02-09 09:00:00,10.6866,1,64.0000,0,0.2238,Retirement Quote,Portal,0.2289,Standard,Benefits
C01152,2026-02-09 09:00:00,328.0289,1,128.0000,1,0.3320,Death Claim,Phone,0.4409,Standard,Claims
C01241,2026-02-09 09:00:00,100.0164,1,64.0000,0,0.3875,Retirement Quote,Portal,0.6454,Standard,Benefits
C01265,2026-02-09 09:00:00,172.9025,1,64.0000,1,0.2913,Retirement Quote,Portal,0.1529,Standard,Benefits
C01369,2026-02-09 09:00:00,31.6487,1,96.0000,0,0.2901,Transfer Out,Post,0.5278,Standard,Transfers
C01420,2026-02-09 09:00:00,5.9987,1,128.0000,0,0.4551,Death Claim,Portal,0.3906,Standard,Claims
C00033,2026-02-09 09:38:30,4.7438,1,48.0000,0,0.4013,Retirement Quote,Phone,0.2157,Urgent,Benefits
C01022,2026-02-09 09:39:39,12.7440,1,96.0000,0,0.2938,Transfer Out,Portal,0.4111,Standard,Transfers
C00752,2026-02-09 10:15:05,50.2383,1,64.0000,0,0.3560,Retirement Quote,Post,0.1813,Standard,Benefits
C01207,2026-02-09 10:18:34,416.6894,1,128.0000,1,0.3605,Death Claim,Phone,0.0744,Standard,Claims
C01076,2026-02-09 12:23:21,211.0548,1,64.0000,0,0.3283,Retirement Quote,Post,0.5962,Standard,Benefits
C01281,2026-02-09 13:06:46,107.4417,1,52.0000,0,0.4244,Contribution Correction,Post,0.4726,Standard,Contributions
C00240,2026-02-09 16:27:40,154.5444,1,96.0000,0,0.3824,Transfer Out,Post,0.5342,Standard,Transfers
C00369,2026-02-10 09:27:09,78.9616,1,128.0000,0,0.3728,Death Claim,Portal,0.7267,Standard,Claims
C00561,2026-02-10 11:21:30,74.5140,1,52.0000,0,0.4631,Contribution Correction,Post,0.4178,Standard,Contributions
C00064,2026-02-10 13:14:14,63.8240,1,128.0000,0,0.3267,Death Claim,Phone,0.1999,Standard,Claims
C00128,2026-02-10 13:15:57,51.8034,1,48.0000,1,0.4444,Retirement Quote,Post,0.0622,Urgent,Benefits
C01015,2026-02-10 14:22:58,3.5218,1,64.0000,0,0.3914,Retirement Quote,Portal,0.4082,Standard,Benefits
C00223,2026-02-10 15:32:59,14.4335,1,64.0000,0,0.3257,Retirement Quote,Post,0.3379,Standard,Benefits
C00367,2026-02-11 09:08:09,37.9571,1,64.0000,0,0.3945,Retirement Quote,Portal,0.6696,Standard,Benefits
C00313,2026-02-11 10:31:02,52.0650,1,76.0000,0,0.2898,Complaint,Phone,0.5236,Standard,Complaints
C00788,2026-02-11 10:56:40,97.9953,1,48.0000,0,0.4123,Retirement Quote,Portal,0.7531,Urgent,Benefits
C00355,2026-02-11 11:29:27,202.4548,1,64.0000,1,0.3371,Retirement Quote,Post,0.6910,Standard,Benefits
C01461,2026-02-11 11:38:56,86.4218,1,128.0000,1,0.3851,Death Claim,Portal,0.5128,Standard,Claims
C00239,2026-02-11 15:59:47,33.3640,1,48.0000,0,0.3610,Retirement Quote,Portal,0.2820,Urgent,Benefits
C00403,2026-02-11 16:08:22,2.0860,1,52.0000,0,0.2974,Contribution Correction,Portal,0.2978,Standard,Contributions
C00362,2026-02-11 16:17:19,18.6332,1,128.0000,0,0.3069,Death Claim,Post,0.3468,Standard,Claims
C01251,2026-02-12 10:27:57,70.9914,1,52.0000,0,0.3883,Contribution Correction,Portal,0.5326,Standard,Contributions
C00791,2026-02-12 11:09:56,100.1526,1,52.0000,0,0.4341,Contribution Correction,Post,0.5593,Standard,Contributions
C01100,2026-02-12 11:34:31,131.3606,1,64.0000,1,0.4103,Retirement Quote,Phone,0.5967,Standard,Benefits
C00508,2026-02-12 11:40:09,401.6563,1,64.0000,1,0.3608,Retirement Quote,Post,0.6726,Standard,Benefits
C01273,2026-02-12 12:01:22,130.3132,1,52.0000,0,0.3399,Contribution Correction,Phone,0.2665,Standard,Contributions
C00924,2026-02-12 12:56:26,43.0181,1,96.0000,1,0.3955,Death Claim,Portal,0.3334,Urgent,Claims
C00176,2026-02-12 13:15:09,15.7535,1,96.0000,1,0.3960,Death Claim,Phone,0.1852,Urgent,Claims
C01233,2026-02-12 13:49:59,6.5417,1,39.0000,0,0.3625,Contribution Correction,Portal,0.3782,Urgent,Contributions
C00268,2026-02-12 15:04:19,665.9099,1,52.0000,1,0.3411,Contribution Correction,Portal,0.2372,Standard,Contributions
C00960,2026-02-12 15:06:21,20.0804,1,76.0000,0,0.3524,Complaint,Portal,0.2572,Standard,Complaints
C00124,2026-02-12 15:54:11,279.5495,1,76.0000,1,0.3452,Complaint,Portal,0.7191,Standard,Complaints
C00629,2026-02-12 16:07:09,46.9737,1,48.0000,0,0.2935,Retirement Quote,Portal,0.1740,Urgent,Benefits
C01005,2026-02-12 16:18:57,38.1111,1,64.0000,0,0.4502,Retirement Quote,Post,0.2157,Standard,Benefits
C01292,2026-02-13 09:36:16,71.9622,1,52.0000,0,0.3427,Contribution Correction,Post,0.4291,Standard,Contributions
C00019,2026-02-13 10:48:03,18.3453,1,128.0000,0,0.3415,Death Claim,Phone,0.4506,Standard,Claims
C00289,2026-02-13 11:29:16,456.9367,1,76.0000,1,0.3470,Complaint,Post,0.2358,Standard,Complaints
C00334,2026-02-13 11:35:21,93.8765,1,39.0000,0,0.3926,Contribution Correction,Post,0.7530,Urgent,Contributions
C00048,2026-02-13 12:04:50,368.4405,1,39.0000,1,0.2704,Contribution Correction,Portal,0.5377,Urgent,Contributions
C01137,2026-02-13 14:06:20,172.2415,1,96.0000,1,0.3687,Death Claim,Phone,0.4319,Urgent,Claims
C00004,2026-02-16 09:00:00,21.1533,1,39.0000,0,0.4269,Contribution Correction,Post,0.2634,Urgent,Contributions
C00269,2026-02-16 09:00:00,15.7213,1,39.0000,0,0.3976,Contribution Correction,Phone,0.5381,Urgent,Contributions
C00608,2026-02-16 09:00:00,22.8657,1,64.0000,1,0.4581,Retirement Quote,Portal,0.3165,Standard,Benefits
C00619,2026-02-16 09:00:00,98.8079,1,64.0000,0,0.4054,Retirement Quote,Post,0.5989,Standard,Benefits
C00750,2026-02-16 09:00:00,397.1831,1,128.0000,1,0.2892,Death Claim,Portal,0.2388,Standard,Claims
C00762,2026-02-16 09:00:00,22.9228,1,52.0000,0,0.3044,Contribution Correction,Portal,0.1308,Standard,Contributions
C00832,2026-02-16 09:00:00,4.2631,1,39.0000,0,0.3754,Contribution Correction,Portal,0.4927,Urgent,Contributions
C00864,2026-02-16 09:00:00,14.0639,1,48.0000,0,0.3759,Retirement Quote,Post,0.2174,Urgent,Benefits
C00890,2026-02-16 09:00:00,33.6678,1,64.0000,0,0.3587,Retirement Quote,Post,0.2840,Standard,Benefits
C01065,2026-02-16 09:00:00,19.3522,1,48.0000,1,0.4340,Retirement Quote,Portal,0.4770,Urgent,Benefits
C01434,2026-02-16 09:00:00,266.1553,1,96.0000,1,0.3802,Transfer Out,Portal,0.7473,Standard,Transfers
C01454,2026-02-16 09:00:00,22.3833,1,128.0000,0,0.3485,Death Claim,Post,0.4130,Standard,Claims
C00613,2026-02-16 09:19:04,28.2908,1,96.0000,0,0.3812,Transfer Out,Portal,0.5806,Standard,Transfers
C01483,2026-02-16 09:24:03,291.7904,1,64.0000,1,0.4277,Retirement Quote,Phone,0.6540,Standard,Benefits
C00741,2026-02-16 10:20:10,774.6636,0,64.0000,1,0.3883,Retirement Quote,Post,0.2943,Standard,Benefits
C00406,2026-02-16 10:41:03,80.3626,1,128.0000,0,0.4231,Death Claim,Post,0.5500,Standard,Claims
C00846,2026-02-16 10:52:36,23.2915,1,39.0000,0,0.3193,Contribution Correction,Phone,0.1359,Urgent,Contributions
C00526,2026-02-16 11:00:37,40.6968,1,39.0000,0,0.3856,Contribution Correction,Phone,0.3981,Urgent,Contributions
C00592,2026-02-16 14:18:01,24.9430,1,64.0000,0,0.4192,Retirement Quote,Post,0.5216,Standard,Benefits
C00681,2026-02-17 09:43:32,745.4687,1,128.0000,1,0.4909,Death Claim,Portal,0.7134,Standard,Claims
C00491,2026-02-17 11:15:06,44.9301,1,72.0000,1,0.3299,Transfer Out,Post,0.7306,Urgent,Transfers
C01011,2026-02-17 11:47:36,51.5634,1,64.0000,0,0.3544,Retirement Quote,Portal,0.5386,Standard,Benefits
C00381,2026-02-17 12:04:12,4.9819,1,64.0000,0,0.3349,Retirement Quote,Portal,0.4437,Standard,Benefits
C00618,2026-02-17 12:55:58,34.8843,1,52.0000,0,0.3133,Contribution Correction,Portal,0.2422,Standard,Contributions
C00481,2026-02-17 13:10:25,11.8804,1,48.0000,0,0.4652,Retirement Quote,Portal,0.4230,Urgent,Benefits
C00715,2026-02-17 14:29:28,32.8096,1,39.0000,0,0.3217,Contribution Correction,Portal,0.5799,Urgent,Contributions
C00813,2026-02-18 09:03:49,53.9057,1,96.0000,0,0.3604,Transfer Out,Post,0.3583,Standard,Transfers
C01045,2026-02-18 10:08:54,16.7748,1,128.0000,0,0.4043,Death Claim,Portal,0.0814,Standard,Claims
C00069,2026-02-18 10:37:21,46.7154,1,96.0000,0,0.3451,Transfer Out,Post,0.3058,Standard,Transfers
C01341,2026-02-18 10:53:50,14.4522,1,48.0000,0,0.3858,Retirement Quote,Post,0.8457,Urgent,Benefits
C00440,2026-02-18 12:15:42,34.1136,1,76.0000,0,0.3637,Complaint,Phone,0.5122,Standard,Complaints
C01058,2026-02-18 15:40:12,60.4839,1,76.0000,0,0.3419,Complaint,Phone,0.0849,Standard,Complaints
C00021,2026-02-18 15:46:12,56.6061,1,64.0000,0,0.2870,Retirement Quote,Phone,0.3293,Standard,Benefits
C00614,2026-02-19 09:09:56,41.3473,1,52.0000,0,0.3925,Contribution Correction,Post,0.1232,Standard,Contributions
C01150,2026-02-19 10:27:01,49.7832,1,48.0000,0,0.3247,Retirement Quote,Portal,0.5882,Urgent,Benefits
C00458,2026-02-19 10:34:23,47.1062,1,52.0000,1,0.4285,Contribution Correction,Phone,0.0617,Standard,Contributions
C00877,2026-02-19 10:55:13,31.0916,1,48.0000,0,0.3179,Retirement Quote,Portal,0.1372,Urgent,Benefits
C00770,2026-02-19 11:14:07,58.7465,1,96.0000,0,0.2608,Transfer Out,Post,0.2944,Standard,Transfers
C00423,2026-02-19 11:15:31,95.1186,1,64.0000,0,0.4351,Retirement Quote,Post,0.4294,Standard,Benefits
C00346,2026-02-19 12:51:16,50.8613,1,52.0000,0,0.4032,Contribution Correction,Post,0.3716,Standard,Contributions
C00797,2026-02-19 14:08:21,81.8493,1,48.0000,0,0.4007,Retirement Quote,Post,0.7184,Urgent,Benefits
C00359,2026-02-19 14:37:42,20.5231,1,64.0000,0,0.3781,Retirement Quote,Post,0.2414,Standard,Benefits
C00537,2026-02-19 15:44:31,61.2417,1,96.0000,0,0.4727,Transfer Out,Phone,0.3117,Standard,Transfers
C01089,2026-02-20 09:26:09,25.8140,1,96.0000,0,0.4041,Death Claim,Phone,0.2185,Urgent,Claims
C01240,2026-02-20 09:52:06,1.3693,1,76.0000,0,0.3263,Complaint,Post,0.1416,Standard,Complaints
C00535,2026-02-20 11:42:44,15.2330,1,39.0000,0,0.3829,Contribution Correction,Post,0.7754,Urgent,Contributions
C00718,2026-02-20 12:26:34,50.9533,1,64.0000,0,0.4480,Retirement Quote,Portal,0.7863,Standard,Benefits
C00335,2026-02-20 12:54:50,13.7901,1,76.0000,0,0.3553,Complaint,Portal,0.3637,Standard,Complaints
C00102,2026-02-20 13:33:19,337.0790,1,128.0000,1,0.3792,Death Claim,Portal,0.5613,Standard,Claims
C01246,2026-02-20 13:54:29,55.5154,1,52.0000,0,0.4006,Contribution Correction,Post,0.5422,Standard,Contributions
C00225,2026-02-20 14:43:52,65.7876,1,64.0000,0,0.3503,Retirement Quote,Post,0.1499,Standard,Benefits
C00122,2026-02-20 14:58:18,23.3441,1,52.0000,0,0.3247,Contribution Correction,Portal,0.1301,Standard,Contributions
C00014,2026-02-23 09:00:00,18.2649,1,64.0000,0,0.3402,Retirement Quote,Portal,0.3199,Standard,Benefits
C00084,2026-02-23 09:00:00,28.7102,1,52.0000,0,0.3934,Contribution Correction,Post,0.1719,Standard,Contributions
C00244,2026-02-23 09:00:00,61.3206,1,52.0000,0,0.3943,Contribution Correction,Post,0.3502,Standard,Contributions
C00305,2026-02-23 09:00:00,30.0762,1,52.0000,1,0.4256,Contribution Correction,Phone,0.3817,Standard,Contributions
C00344,2026-02-23 09:00:00,682.6303,1,96.0000,1,0.4223,Transfer Out,Post,0.5412,Standard,Transfers
C00443,2026-02-23 09:00:00,217.6625,1,96.0000,1,0.3457,Transfer Out,Phone,0.4594,Standard,Transfers
C00640,2026-02-23 09:00:00,40.8385,1,128.0000,0,0.3997,Death Claim,Post,0.4578,Standard,Claims
C00683,2026-02-23 09:00:00,405.1528,1,76.0000,1,0.3782,Complaint,Portal,0.7154,Standard,Complaints
C00700,2026-02-23 09:00:00,68.9218,1,48.0000,1,0.4491,Retirement Quote,Portal,0.7047,Urgent,Benefits
C00799,2026-02-23 09:00:00,148.2411,1,96.0000,1,0.3608,Transfer Out,Portal,0.4797,Standard,Transfers
C00816,2026-02-23 09:00:00,136.2274,1,64.0000,0,0.4287,Retirement Quote,Post,0.6569,Standard,Benefits
C00870,2026-02-23 09:00:00,66.4290,1,96.0000,1,0.3816,Transfer Out,Post,0.8041,Standard,Transfers
C00947,2026-02-23 09:00:00,3.4961,1,64.0000,0,0.3454,Retirement Quote,Portal,0.4420,Standard,Benefits
C01019,2026-02-23 09:00:00,55.5629,1,64.0000,1,0.3395,Retirement Quote,Phone,0.4698,Standard,Benefits
C01073,2026-02-23 09:00:00,4.0239,1,64.0000,0,0.2665,Retirement Quote,Portal,0.5677,Standard,Benefits
C01088,2026-02-23 09:00:00,35.4193,1,57.0000,0,0.4548,Complaint,Post,0.5512,Urgent,Complaints
C01308,2026-02-23 09:00:00,155.2266,1,96.0000,1,0.2811,Transfer Out,Phone,0.7305,Standard,Transfers
C01463,2026-02-23 09:00:00,155.6863,1,96.0000,0,0.4507,Death Claim,Post,0.5405,Urgent,Claims
C00131,2026-02-23 10:30:01,57.0706,1,64.0000,0,0.3481,Retirement Quote,Post,0.4101,Standard,Benefits
C00382,2026-02-23 11:16:26,26.4381,1,48.0000,0,0.4078,Retirement Quote,Portal,0.3475,Urgent,Benefits
C00856,2026-02-23 11:24:47,25.0022,1,64.0000,0,0.4449,Retirement Quote,Post,0.1618,Standard,Benefits
C01440,2026-02-23 12:29:10,23.0031,1,64.0000,0,0.3887,Retirement Quote,Portal,0.3842,Standard,Benefits
C00850,2026-02-23 12:44:48,60.1849,1,64.0000,0,0.3014,Retirement Quote,Portal,0.6428,Standard,Benefits
C00393,2026-02-23 13:10:08,87.5454,1,48.0000,1,0.3724,Retirement Quote,Portal,0.1744,Urgent,Benefits
C00644,2026-02-23 13:26:31,8.6421,1,96.0000,0,0.3957,Transfer Out,Portal,0.1799,Standard,Transfers
C00360,2026-02-23 13:27:03,136.8741,1,64.0000,1,0.2838,Retirement Quote,Post,0.0681,Standard,Benefits
C00699,2026-02-23 14:49:29,2.5184,1,96.0000,0,0.3651,Death Claim,Post,0.6418,Urgent,Claims
C00646,2026-02-23 15:30:39,27.0847,1,39.0000,0,0.4280,Contribution Correction,Post,0.7632,Urgent,Contributions
C00036,2026-02-24 09:03:26,51.5036,1,52.0000,0,0.3560,Contribution Correction,Post,0.7702,Standard,Contributions
C00879,2026-02-24 09:24:59,25.8843,1,96.0000,0,0.3063,Transfer Out,Phone,0.2951,Standard,Transfers
C01304,2026-02-24 11:04:05,42.1408,1,48.0000,0,0.2747,Retirement Quote,Phone,0.5493,Urgent,Benefits
C00232,2026-02-24 12:58:55,276.5297,1,64.0000,1,0.3669,Retirement Quote,Post,0.3825,Standard,Benefits
C00047,2026-02-24 13:36:24,38.1180,1,128.0000,0,0.4551,Death Claim,Portal,0.1261,Standard,Claims
C01034,2026-02-25 09:01:13,151.6097,1,57.0000,1,0.3174,Complaint,Phone,0.0720,Urgent,Complaints
C00660,2026-02-25 09:36:09,71.8434,1,96.0000,1,0.4205,Transfer Out,Portal,0.6532,Standard,Transfers
C00906,2026-02-25 10:55:44,86.9951,1,52.0000,0,0.3529,Contribution Correction,Post,0.6217,Standard,Contributions
C00003,2026-02-25 11:07:10,68.2145,1,64.0000,0,0.3919,Retirement Quote,Portal,0.3713,Standard,Benefits
C01051,2026-02-25 11:37:36,174.0942,1,64.0000,1,0.3782,Retirement Quote,Portal,0.7117,Standard,Benefits
C00247,2026-02-25 14:18:55,143.0258,1,72.0000,1,0.3388,Transfer Out,Portal,0.4774,Urgent,Transfers
C00467,2026-02-26 09:07:42,46.5236,1,76.0000,1,0.3803,Complaint,Portal,0.3968,Standard,Complaints
C00881,2026-02-26 09:10:35,5.6996,1,96.0000,0,0.3027,Transfer Out,Portal,0.2491,Standard,Transfers
C00310,2026-02-26 09:24:23,32.9553,1,96.0000,0,0.4328,Transfer Out,Phone,0.4679,Standard,Transfers
C01451,2026-02-26 10:06:52,17.2011,1,76.0000,0,0.3603,Complaint,Portal,0.4334,Standard,Complaints
C00728,2026-02-26 11:27:28,11.1813,1,52.0000,0,0.4118,Contribution Correction,Post,0.2159,Standard,Contributions
C01127,2026-02-26 11:58:01,94.8244,1,39.0000,1,0.4309,Contribution Correction,Phone,0.2690,Urgent,Contributions
C00833,2026-02-26 12:11:36,65.4262,1,76.0000,0,0.4061,Complaint,Portal,0.4650,Standard,Complaints
C01035,2026-02-26 14:43:40,34.2569,1,96.0000,1,0.3226,Transfer Out,Portal,0.4101,Standard,Transfers
C01122,2026-02-26 15:10:17,47.8408,1,52.0000,0,0.3117,Contribution Correction,Post,0.3398,Standard,Contributions
C00897,2026-02-26 15:19:09,1.6309,1,128.0000,0,0.4027,Death Claim,Portal,0.5381,Standard,Claims
C00287,2026-02-27 10:34:21,3.5600,1,48.0000,0,0.3334,Retirement Quote,Phone,0.5713,Urgent,Benefits
C00774,2026-02-27 10:38:39,151.1279,1,64.0000,1,0.4220,Retirement Quote,Post,0.2200,Standard,Benefits
C00100,2026-02-27 10:39:58,21.6665,1,48.0000,0,0.3406,Retirement Quote,Portal,0.4115,Urgent,Benefits
C00449,2026-02-27 15:25:11,38.7872,1,52.0000,0,0.4228,Contribution Correction,Portal,0.4297,Standard,Contributions
C01426,2026-02-27 15:39:59,18.3179,1,64.0000,0,0.4505,Retirement Quote,Post,0.2732,Standard,Benefits
C00030,2026-02-27 16:47:08,141.3696,1,96.0000,1,0.4267,Transfer Out,Portal,0.3925,Standard,Transfers
C00157,2026-02-27 16:59:34,22.4276,1,64.0000,0,0.4551,Retirement Quote,Portal,0.0125,Standard,Benefits
C00027,2026-03-02 09:00:00,543.4619,1,128.0000,1,0.3591,Death Claim,Portal,0.5875,Standard,Claims
C00097,2026-03-02 09:00:00,16.4871,1,64.0000,0,0.3797,Retirement Quote,Portal,0.0249,Standard,Benefits
C00132,2026-03-02 09:00:00,49.7055,1,96.0000,0,0.3970,Transfer Out,Post,0.3678,Standard,Transfers
C00328,2026-03-02 09:00:00,144.6691,1,48.0000,0,0.3723,Retirement Quote,Post,0.5483,Urgent,Benefits
C00332,2026-03-02 09:00:00,37.4877,1,64.0000,0,0.4515,Retirement Quote,Portal,0.7476,Standard,Benefits
C00402,2026-03-02 09:00:00,59.1728,1,52.0000,0,0.4029,Contribution Correction,Phone,0.2517,Standard,Contributions
C00413,2026-03-02 09:00:00,696.0000,0,96.0000,1,0.4491,Transfer Out,Post,0.3733,Standard,Transfers
C00502,2026-03-02 09:00:00,268.0810,1,96.0000,1,0.4711,Transfer Out,Post,0.8172,Standard,Transfers
C00541,2026-03-02 09:00:00,696.0000,0,64.0000,1,0.3486,Retirement Quote,Portal,0.3591,Standard,Benefits
C00543,2026-03-02 09:00:00,120.0119,1,64.0000,1,0.4339,Retirement Quote,Portal,0.7641,Standard,Benefits
C00551,2026-03-02 09:00:00,28.5323,1,48.0000,0,0.3481,Retirement Quote,Phone,0.3059,Urgent,Benefits
C00587,2026-03-02 09:00:00,18.0478,1,128.0000,0,0.2402,Death Claim,Post,0.7239,Standard,Claims
C00596,2026-03-02 09:00:00,5.5399,1,128.0000,0,0.4039,Death Claim,Phone,0.7380,Standard,Claims
C00643,2026-03-02 09:00:00,79.6650,1,64.0000,0,0.3663,Retirement Quote,Phone,0.4803,Standard,Benefits
C00807,2026-03-02 09:00:00,34.6439,1,64.0000,0,0.4443,Retirement Quote,Phone,0.5862,Standard,Benefits
C00923,2026-03-02 09:00:00,124.5381,1,128.0000,1,0.4270,Death Claim,Portal,0.4114,Standard,Claims
C00938,2026-03-02 09:00:00,38.7887,1,96.0000,1,0.4598,Death Claim,Phone,0.3914,Urgent,Claims
C01202,2026-03-02 09:00:00,87.5691,1,52.0000,0,0.3291,Contribution Correction,Post,0.7807,Standard,Contributions
C01226,2026-03-02 09:00:00,44.5048,1,64.0000,0,0.4950,Retirement Quote,Phone,0.2130,Standard,Benefits
C01310,2026-03-02 09:00:00,10.3467,1,96.0000,1,0.3977,Transfer Out,Portal,0.2411,Standard,Transfers
C01377,2026-03-02 09:00:00,11.2935,1,48.0000,0,0.4254,Retirement Quote,Post,0.3725,Urgent,Benefits
C01441,2026-03-02 09:00:00,31.6219,1,96.0000,0,0.2991,Transfer Out,Portal,0.6597,Standard,Transfers
C01479,2026-03-02 09:20:58,54.4898,1,48.0000,1,0.3991,Retirement Quote,Portal,0.4886,Urgent,Benefits
C01295,2026-03-02 10:09:29,113.0864,1,96.0000,0,0.4513,Transfer Out,Portal,0.8314,Standard,Transfers
C00396,2026-03-02 11:27:40,258.3864,1,57.0000,1,0.3545,Complaint,Portal,0.2709,Urgent,Complaints
C01449,2026-03-02 11:38:03,18.9517,1,64.0000,0,0.3786,Retirement Quote,Post,0.2627,Standard,Benefits
C00732,2026-03-02 12:14:09,1.7506,1,64.0000,0,0.4916,Retirement Quote,Portal,0.2356,Standard,Benefits
C01437,2026-03-02 14:44:36,31.4806,1,72.0000,0,0.4733,Transfer Out,Phone,0.2347,Urgent,Transfers
C00560,2026-03-02 15:22:52,74.6401,1,128.0000,0,0.3962,Death Claim,Phone,0.4853,Standard,Claims
C00037,2026-03-02 15:51:56,135.0087,1,96.0000,1,0.3105,Transfer Out,Portal,0.4169,Standard,Transfers
C01179,2026-03-03 10:32:38,55.6061,1,96.0000,0,0.4130,Transfer Out,Phone,0.3900,Standard,Transfers
C00083,2026-03-03 12:31:45,21.3979,1,64.0000,0,0.3666,Retirement Quote,Phone,0.6958,Standard,Benefits
C00259,2026-03-03 12:57:55,68.4675,1,128.0000,0,0.3610,Death Claim,Portal,0.4267,Standard,Claims
C00827,2026-03-03 13:24:24,418.7800,1,96.0000,1,0.4081,Transfer Out,Post,0.7703,Standard,Transfers
C01014,2026-03-03 13:25:50,290.7102,1,64.0000,1,0.2278,Retirement Quote,Phone,0.6392,Standard,Benefits
C01216,2026-03-03 14:47:41,2.9611,1,64.0000,0,0.3526,Retirement Quote,Post,0.1920,Standard,Benefits
C00564,2026-03-03 15:58:06,475.5553,1,64.0000,1,0.3136,Retirement Quote,Post,0.1804,Standard,Benefits
C00785,2026-03-03 16:17:06,10.3911,1,52.0000,0,0.3308,Contribution Correction,Post,0.4470,Standard,Contributions
C00562,2026-03-03 16:45:16,210.5929,1,76.0000,1,0.2995,Complaint,Phone,0.6262,Standard,Complaints
C00871,2026-03-04 10:10:09,160.7757,1,76.0000,1,0.2774,Complaint,Phone,0.4617,Standard,Complaints
C00501,2026-03-04 10:37:54,142.2465,1,96.0000,1,0.4100,Transfer Out,Post,0.1593,Standard,Transfers
C00001,2026-03-04 11:11:57,54.1072,1,76.0000,0,0.4206,Complaint,Post,0.6305,Standard,Complaints
C00986,2026-03-04 13:01:36,136.0566,1,64.0000,0,0.3534,Retirement Quote,Post,0.1499,Standard,Benefits
C00392,2026-03-04 14:01:56,214.0120,1,76.0000,0,0.4419,Complaint,Post,0.7494,Standard,Complaints
C01194,2026-03-04 15:41:57,24.0431,1,76.0000,0,0.3883,Complaint,Portal,0.1087,Standard,Complaints
C00566,2026-03-04 15:51:22,124.7234,1,48.0000,1,0.4350,Retirement Quote,Phone,0.1292,Urgent,Benefits
C00395,2026-03-05 09:48:19,244.5263,1,64.0000,1,0.3923,Retirement Quote,Post,0.3835,Standard,Benefits
C01071,2026-03-05 11:53:17,25.1828,1,96.0000,0,0.4424,Transfer Out,Portal,0.5125,Standard,Transfers
C01471,2026-03-05 12:36:36,42.8487,1,52.0000,0,0.3898,Contribution Correction,Portal,0.5924,Standard,Contributions
C01500,2026-03-05 12:52:09,5.0245,1,48.0000,0,0.4060,Retirement Quote,Portal,0.3952,Urgent,Benefits
C01109,2026-03-05 13:44:01,25.3482,1,96.0000,0,0.3489,Transfer Out,Portal,0.1627,Standard,Transfers
C01258,2026-03-05 13:56:14,65.1367,1,39.0000,0,0.3356,Contribution Correction,Portal,0.3451,Urgent,Contributions
C00810,2026-03-05 16:06:17,44.5919,1,96.0000,1,0.3922,Transfer Out,Portal,0.5264,Standard,Transfers
C00388,2026-03-05 16:43:21,60.4783,1,96.0000,0,0.2839,Transfer Out,Portal,0.5442,Standard,Transfers
C00935,2026-03-06 10:28:36,6.7896,1,39.0000,0,0.4669,Contribution Correction,Post,0.5387,Urgent,Contributions
C00955,2026-03-06 11:17:55,366.0180,1,52.0000,1,0.4196,Contribution Correction,Portal,0.4264,Standard,Contributions
C00277,2026-03-06 11:25:59,9.7928,1,96.0000,0,0.3237,Death Claim,Portal,0.3972,Urgent,Claims
C00489,2026-03-06 11:39:42,14.2026,1,76.0000,0,0.3191,Complaint,Portal,0.1316,Standard,Complaints
C01339,2026-03-06 12:31:44,372.4946,1,96.0000,1,0.3097,Transfer Out,Portal,0.5085,Standard,Transfers
C00421,2026-03-06 12:35:02,105.1937,1,64.0000,1,0.3627,Retirement Quote,Portal,0.4714,Standard,Benefits
C00708,2026-03-06 12:52:43,11.6347,1,48.0000,0,0.3177,Retirement Quote,Portal,0.2354,Urgent,Benefits
C00949,2026-03-06 13:52:40,7.9440,1,52.0000,0,0.3695,Contribution Correction,Phone,0.4512,Standard,Contributions
C01227,2026-03-06 14:03:26,120.6283,1,96.0000,1,0.4306,Transfer Out,Portal,0.3250,Standard,Transfers
C00258,2026-03-06 14:39:36,30.2664,1,52.0000,0,0.3601,Contribution Correction,Portal,0.5029,Standard,Contributions
C00496,2026-03-06 16:16:23,3.2728,1,48.0000,0,0.4009,Retirement Quote,Portal,0.2863,Urgent,Benefits
C00174,2026-03-06 16:43:00,505.2319,1,96.0000,1,0.3972,Death Claim,Post,0.1323,Urgent,Claims
C00325,2026-03-06 16:43:04,52.3125,1,64.0000,0,0.5283,Retirement Quote,Portal,0.4372,Standard,Benefits
C00063,2026-03-09 09:00:00,25.6326,1,96.0000,0,0.4149,Death Claim,Portal,0.1089,Urgent,Claims
C00106,2026-03-09 09:00:00,24.2394,1,76.0000,0,0.3765,Complaint,Post,0.8044,Standard,Complaints
C00107,2026-03-09 09:00:00,55.7709,1,96.0000,1,0.3760,Death Claim,Portal,0.4685,Urgent,Claims
C00211,2026-03-09 09:00:00,25.6913,1,48.0000,0,0.3333,Retirement Quote,Portal,0.3743,Urgent,Benefits
C00447,2026-03-09 09:00:00,51.8638,1,52.0000,0,0.4281,Contribution Correction,Portal,0.3897,Standard,Contributions
C00622,2026-03-09 09:00:00,1.7719,1,64.0000,1,0.4009,Retirement Quote,Phone,0.0518,Standard,Benefits
C00841,2026-03-09 09:00:00,19.6210,1,64.0000,0,0.3763,Retirement Quote,Phone,0.5024,Standard,Benefits
C00844,2026-03-09 09:00:00,127.4481,1,39.0000,0,0.3080,Contribution Correction,Portal,0.8478,Urgent,Contributions
C00867,2026-03-09 09:00:00,2.2322,1,64.0000,0,0.2839,Retirement Quote,Portal,0.1307,Standard,Benefits
C00874,2026-03-09 09:00:00,519.9972,1,96.0000,1,0.3817,Transfer Out,Phone,0.8066,Standard,Transfers
C00939,2026-03-09 09:00:00,123.8804,1,96.0000,0,0.4385,Transfer Out,Post,0.1507,Standard,Transfers
C00959,2026-03-09 09:00:00,89.9880,1,52.0000,0,0.3838,Contribution Correction,Portal,0.1801,Standard,Contributions
C01037,2026-03-09 09:00:00,149.2946,1,96.0000,1,0.4035,Death Claim,Portal,0.6783,Urgent,Claims
C01257,2026-03-09 09:00:00,7.1222,1,96.0000,0,0.4066,Transfer Out,Post,0.0902,Standard,Transfers
C01297,2026-03-09 09:00:00,656.0000,0,96.0000,1,0.4371,Transfer Out,Post,0.1818,Standard,Transfers
C00755,2026-03-09 09:18:33,41.4479,1,128.0000,0,0.2805,Death Claim,Portal,0.3990,Standard,Claims
C01040,2026-03-09 09:54:39,19.0271,1,96.0000,0,0.3514,Death Claim,Phone,0.1053,Urgent,Claims
C00291,2026-03-09 10:07:02,69.2400,1,96.0000,1,0.4183,Transfer Out,Portal,0.4817,Standard,Transfers
C00133,2026-03-09 10:50:16,6.6543,1,128.0000,0,0.4567,Death Claim,Portal,0.3505,Standard,Claims
C00697,2026-03-09 11:33:36,61.4034,1,39.0000,0,0.4714,Contribution Correction,Post,0.4153,Urgent,Contributions
C00995,2026-03-09 12:22:11,23.5178,1,39.0000,0,0.3634,Contribution Correction,Portal,0.6990,Urgent,Contributions
C00354,2026-03-09 15:26:14,548.6518,1,128.0000,1,0.3050,Death Claim,Post,0.7352,Standard,Claims
C01021,2026-03-09 15:41:19,39.6216,1,64.0000,0,0.4122,Retirement Quote,Portal,0.7448,Standard,Benefits
C00794,2026-03-09 16:42:02,16.6053,1,64.0000,0,0.4646,Retirement Quote,Portal,0.1636,Standard,Benefits
C00213,2026-03-10 09:08:59,28.0969,1,52.0000,0,0.4191,Contribution Correction,Phone,0.3646,Standard,Contributions
C00096,2026-03-10 12:59:35,194.7016,1,96.0000,1,0.3434,Transfer Out,Post,0.6112,Standard,Transfers
C01396,2026-03-10 13:21:41,59.7326,1,76.0000,0,0.4874,Complaint,Post,0.7479,Standard,Complaints
C00484,2026-03-10 13:32:35,73.2307,1,64.0000,0,0.4279,Retirement Quote,Portal,0.2882,Standard,Benefits
C00365,2026-03-10 13:33:43,24.7745,1,64.0000,0,0.3837,Retirement Quote,Portal,0.5141,Standard,Benefits
C00784,2026-03-10 14:06:21,139.0865,1,48.0000,1,0.3375,Retirement Quote,Post,0.4676,Urgent,Benefits
C00766,2026-03-10 14:18:40,60.5779,1,64.0000,0,0.3962,Retirement Quote,Portal,0.1944,Standard,Benefits
C00364,2026-03-10 16:15:54,476.2989,1,96.0000,1,0.3273,Transfer Out,Post,0.1258,Standard,Transfers
C01417,2026-03-10 16:22:18,52.9246,1,64.0000,0,0.3693,Retirement Quote,Post,0.4211,Standard,Benefits
C00182,2026-03-11 10:14:17,15.7384,1,128.0000,0,0.4250,Death Claim,Portal,0.1553,Standard,Claims
C01101,2026-03-11 10:17:28,68.5369,1,52.0000,0,0.4659,Contribution Correction,Post,0.1843,Standard,Contributions
C00812,2026-03-11 10:36:14,17.4813,1,52.0000,0,0.3864,Contribution Correction,Portal,0.3501,Standard,Contributions
C01469,2026-03-11 11:09:40,25.8165,1,96.0000,0,0.3013,Transfer Out,Phone,0.6590,Standard,Transfers
C01067,2026-03-11 11:58:33,104.1274,1,76.0000,0,0.3415,Complaint,Phone,0.3739,Standard,Complaints
C01382,2026-03-12 09:09:45,0.1165,1,39.0000,0,0.3455,Contribution Correction,Portal,0.4704,Urgent,Contributions
C00314,2026-03-12 09:15:57,44.4228,1,52.0000,0,0.3545,Contribution Correction,Portal,0.2514,Standard,Contributions
C00161,2026-03-12 09:38:46,17.6933,1,128.0000,0,0.3942,Death Claim,Phone,0.2182,Standard,Claims
C00553,2026-03-12 10:04:47,69.5029,1,128.0000,0,0.3832,Death Claim,Portal,0.2902,Standard,Claims
C00218,2026-03-12 11:32:21,57.6064,1,52.0000,0,0.3669,Contribution Correction,Portal,0.6372,Standard,Contributions
C00822,2026-03-12 14:51:01,127.7510,1,52.0000,0,0.3751,Contribution Correction,Phone,0.5439,Standard,Contributions
C01374,2026-03-12 15:36:31,29.2382,1,52.0000,0,0.3626,Contribution Correction,Phone,0.3721,Standard,Contributions
C00320,2026-03-12 15:52:12,35.4122,1,48.0000,0,0.3749,Retirement Quote,Phone,0.2891,Urgent,Benefits
C01079,2026-03-12 15:56:11,19.5420,1,64.0000,0,0.3953,Retirement Quote,Portal,0.1224,Standard,Benefits
C00357,2026-03-12 16:17:57,526.9931,1,96.0000,1,0.2671,Transfer Out,Portal,0.5306,Standard,Transfers
C01259,2026-03-12 16:57:57,52.3672,1,39.0000,0,0.3884,Contribution Correction,Post,0.3831,Urgent,Contributions
C00016,2026-03-13 09:25:00,72.5490,1,96.0000,0,0.3731,Transfer Out,Portal,0.3775,Standard,Transfers
C00912,2026-03-13 10:16:31,30.7470,1,52.0000,0,0.3442,Contribution Correction,Portal,0.4830,Standard,Contributions
C00199,2026-03-13 10:43:52,36.5755,1,128.0000,0,0.4386,Death Claim,Portal,0.0954,Standard,Claims
C01375,2026-03-13 11:46:17,117.4658,1,76.0000,1,0.4399,Complaint,Post,0.4604,Standard,Complaints
C00982,2026-03-13 12:00:23,173.2427,1,96.0000,1,0.4005,Transfer Out,Portal,0.4884,Standard,Transfers
C00749,2026-03-13 12:26:55,10.4138,1,96.0000,0,0.4871,Transfer Out,Post,0.1811,Standard,Transfers
C01163,2026-03-13 16:14:52,34.6333,1,64.0000,1,0.4350,Retirement Quote,Phone,0.5069,Standard,Benefits
C00761,2026-03-13 16:42:06,46.5144,1,128.0000,0,0.4483,Death Claim,Post,0.7085,Standard,Claims
C00088,2026-03-16 09:00:00,120.2184,1,64.0000,0,0.3500,Retirement Quote,Phone,0.4310,Standard,Benefits
C00110,2026-03-16 09:00:00,42.3604,1,128.0000,0,0.4885,Death Claim,Portal,0.8401,Standard,Claims
C00113,2026-03-16 09:00:00,6.4288,1,48.0000,0,0.3579,Retirement Quote,Phone,0.2587,Urgent,Benefits
C00135,2026-03-16 09:00:00,99.9205,1,52.0000,0,0.3525,Contribution Correction,Portal,0.2474,Standard,Contributions
C00187,2026-03-16 09:00:00,313.7491,1,48.0000,1,0.3516,Retirement Quote,Post,0.5463,Urgent,Benefits
C00205,2026-03-16 09:00:00,46.8842,1,96.0000,0,0.3595,Transfer Out,Portal,0.4885,Standard,Transfers
C00292,2026-03-16 09:00:00,43.4251,1,96.0000,0,0.3694,Death Claim,Portal,0.6520,Urgent,Claims
C00306,2026-03-16 09:00:00,115.1368,1,52.0000,0,0.4415,Contribution Correction,Portal,0.5877,Standard,Contributions
C00559,2026-03-16 09:00:00,107.5740,1,64.0000,0,0.3811,Retirement Quote,Post,0.4405,Standard,Benefits
C00725,2026-03-16 09:00:00,11.2223,1,96.0000,0,0.3825,Transfer Out,Portal,0.1567,Standard,Transfers
C00805,2026-03-16 09:00:00,19.4124,1,96.0000,0,0.4105,Transfer Out,Portal,0.3807,Standard,Transfers
C00894,2026-03-16 09:00:00,142.5911,1,76.0000,1,0.4498,Complaint,Portal,0.4217,Standard,Complaints
C00985,2026-03-16 09:00:00,24.8613,1,52.0000,0,0.4196,Contribution Correction,Post,0.6038,Standard,Contributions
C00997,2026-03-16 09:00:00,13.4101,1,64.0000,0,0.4106,Retirement Quote,Phone,0.3918,Standard,Benefits
C01016,2026-03-16 09:00:00,10.9346,1,48.0000,0,0.4248,Retirement Quote,Portal,0.4543,Urgent,Benefits
C01115,2026-03-16 09:00:00,141.3681,1,128.0000,1,0.3559,Death Claim,Phone,0.8565,Standard,Claims
C01139,2026-03-16 09:00:00,33.5770,1,52.0000,0,0.3124,Contribution Correction,Portal,0.4860,Standard,Contributions
C01243,2026-03-16 09:00:00,4.8154,1,96.0000,1,0.4247,Transfer Out,Phone,0.3444,Standard,Transfers
C01470,2026-03-16 09:00:00,34.7367,1,64.0000,0,0.3192,Retirement Quote,Portal,0.3822,Standard,Benefits
C00902,2026-03-16 09:10:41,7.9670,1,52.0000,0,0.3949,Contribution Correction,Post,0.6528,Standard,Contributions
C01126,2026-03-16 09:43:05,34.5540,1,52.0000,0,0.4715,Contribution Correction,Portal,0.4467,Standard,Contributions
C01418,2026-03-16 10:33:30,41.8020,1,72.0000,0,0.3409,Transfer Out,Post,0.2368,Urgent,Transfers
C00891,2026-03-16 12:20:56,38.8015,1,96.0000,0,0.3606,Transfer Out,Phone,0.3766,Standard,Transfers
C01335,2026-03-16 12:29:55,458.9703,1,76.0000,1,0.3990,Complaint,Portal,0.3923,Standard,Complaints
C00152,2026-03-16 13:00:46,131.7871,1,72.0000,1,0.4125,Transfer Out,Portal,0.5033,Urgent,Transfers
C00661,2026-03-16 14:31:25,6.1569,1,96.0000,0,0.4495,Transfer Out,Portal,0.4447,Standard,Transfers
C00245,2026-03-16 14:41:19,446.5071,1,128.0000,1,0.4562,Death Claim,Post,0.5606,Standard,Claims
C01052,2026-03-16 15:14:49,55.5140,1,52.0000,0,0.4513,Contribution Correction,Portal,0.3978,Standard,Contributions
C01030,2026-03-16 15:30:43,24.6741,1,96.0000,0,0.4338,Transfer Out,Portal,0.3135,Standard,Transfers
C00510,2026-03-16 15:47:58,11.9378,1,39.0000,0,0.3837,Contribution Correction,Post,0.7168,Urgent,Contributions
C00580,2026-03-16 16:14:28,237.7322,1,72.0000,1,0.3357,Transfer Out,Portal,0.5063,Urgent,Transfers
C01381,2026-03-16 16:42:47,16.3476,1,64.0000,0,0.3286,Retirement Quote,Portal,0.1100,Standard,Benefits
C00189,2026-03-17 09:01:26,1.5235,1,52.0000,0,0.3494,Contribution Correction,Portal,0.2147,Standard,Contributions
C00056,2026-03-17 09:19:26,15.9083,1,64.0000,0,0.4172,Retirement Quote,Phone,0.6783,Standard,Benefits
C00979,2026-03-17 09:25:12,162.2424,1,128.0000,1,0.4351,Death Claim,Phone,0.2513,Standard,Claims
C00703,2026-03-17 09:50:19,601.1091,1,64.0000,1,0.3840,Retirement Quote,Post,0.6523,Standard,Benefits
C00493,2026-03-17 11:20:31,584.1590,1,96.0000,1,0.4060,Transfer Out,Portal,0.3112,Standard,Transfers
C00384,2026-03-17 14:25:51,40.8680,1,64.0000,0,0.3418,Retirement Quote,Post,0.4492,Standard,Benefits
C01177,2026-03-17 15:26:10,70.6247,1,52.0000,0,0.4323,Contribution Correction,Portal,0.5528,Standard,Contributions
C00649,2026-03-17 15:37:07,55.3917,1,48.0000,0,0.3842,Retirement Quote,Portal,0.7852,Urgent,Benefits
C00514,2026-03-18 09:05:14,52.2692,1,52.0000,0,0.3933,Contribution Correction,Portal,0.2220,Standard,Contributions
C00009,2026-03-18 09:22:21,66.4566,1,48.0000,0,0.3466,Retirement Quote,Post,0.3597,Urgent,Benefits
C00378,2026-03-18 09:41:14,7.5095,1,48.0000,0,0.4171,Retirement Quote,Phone,0.2141,Urgent,Benefits
C00414,2026-03-18 12:56:21,47.2592,1,39.0000,1,0.3829,Contribution Correction,Portal,0.4224,Urgent,Contributions
C00261,2026-03-18 13:40:45,58.7090,1,96.0000,0,0.3366,Transfer Out,Phone,0.4232,Standard,Transfers
C00748,2026-03-18 14:50:37,10.6346,1,64.0000,0,0.3450,Retirement Quote,Portal,0.5722,Standard,Benefits
C00341,2026-03-18 15:23:07,13.3906,1,128.0000,0,0.4538,Death Claim,Portal,0.5382,Standard,Claims
C00420,2026-03-18 16:23:25,12.3635,1,64.0000,0,0.4678,Retirement Quote,Post,0.3507,Standard,Benefits
C00394,2026-03-18 16:54:39,176.5202,1,128.0000,1,0.3581,Death Claim,Post,0.5278,Standard,Claims
C00545,2026-03-19 09:02:57,25.6204,1,64.0000,0,0.4484,Retirement Quote,Post,0.6112,Standard,Benefits
C00950,2026-03-19 09:08:56,48.6361,1,64.0000,0,0.3766,Retirement Quote,Portal,0.3568,Standard,Benefits
C00207,2026-03-19 09:12:32,78.2033,1,96.0000,0,0.3703,Transfer Out,Portal,0.3339,Standard,Transfers
C01386,2026-03-19 10:16:21,4.1301,1,48.0000,0,0.5069,Retirement Quote,Portal,0.3306,Urgent,Benefits
C01486,2026-03-19 14:36:10,0.6766,1,64.0000,0,0.3648,Retirement Quote,Phone,0.6152,Standard,Benefits
C00405,2026-03-19 16:38:50,23.6074,1,128.0000,0,0.4041,Death Claim,Phone,0.2635,Standard,Claims
C01287,2026-03-19 16:52:14,6.8533,1,39.0000,0,0.4593,Contribution Correction,Portal,0.3751,Urgent,Contributions
C00175,2026-03-20 09:02:25,122.0313,1,96.0000,1,0.3669,Transfer Out,Portal,0.4535,Standard,Transfers
C00430,2026-03-20 09:03:01,18.7870,1,64.0000,0,0.3376,Retirement Quote,Portal,0.1517,Standard,Benefits
C01159,2026-03-20 09:47:24,13.6722,1,52.0000,0,0.3691,Contribution Correction,Phone,0.3824,Standard,Contributions
C00637,2026-03-20 12:14:31,11.8067,1,96.0000,0,0.3093,Death Claim,Portal,0.1376,Urgent,Claims
C01347,2026-03-20 13:23:56,38.2392,1,48.0000,0,0.4333,Retirement Quote,Portal,0.4939,Urgent,Benefits
C00980,2026-03-20 14:06:57,267.5105,1,64.0000,1,0.3898,Retirement Quote,Post,0.6044,Standard,Benefits
C01025,2026-03-20 15:51:33,17.1586,1,64.0000,0,0.3846,Retirement Quote,Portal,0.2998,Standard,Benefits
C00126,2026-03-23 09:00:00,16.4604,1,128.0000,0,0.3860,Death Claim,Portal,0.4772,Standard,Claims
C00214,2026-03-23 09:00:00,97.3819,1,96.0000,1,0.3859,Transfer Out,Portal,0.4796,Standard,Transfers
C00274,2026-03-23 09:00:00,339.5479,1,76.0000,1,0.5525,Complaint,Portal,0.4656,Standard,Complaints
C00415,2026-03-23 09:00:00,28.2473,1,64.0000,1,0.4381,Retirement Quote,Portal,0.7754,Standard,Benefits
C00426,2026-03-23 09:00:00,71.2990,1,96.0000,0,0.3530,Transfer Out,Portal,0.5884,Standard,Transfers
C00439,2026-03-23 09:00:00,101.6420,1,128.0000,1,0.3781,Death Claim,Portal,0.7001,Standard,Claims
C00599,2026-03-23 09:00:00,506.8567,1,96.0000,1,0.4124,Transfer Out,Portal,0.4480,Standard,Transfers
C00779,2026-03-23 09:00:00,44.0762,1,96.0000,0,0.3824,Transfer Out,Post,0.4956,Standard,Transfers
C00943,2026-03-23 09:00:00,45.1239,1,96.0000,1,0.4557,Transfer Out,Portal,0.6303,Standard,Transfers
C01062,2026-03-23 09:00:00,243.7220,1,128.0000,1,0.4484,Death Claim,Post,0.1909,Standard,Claims
C01134,2026-03-23 09:00:00,29.8966,1,96.0000,0,0.3742,Transfer Out,Phone,0.1729,Standard,Transfers
C01320,2026-03-23 09:00:00,23.4333,1,39.0000,0,0.3824,Contribution Correction,Post,0.4699,Urgent,Contributions
C01425,2026-03-23 09:00:00,13.5134,1,96.0000,0,0.3966,Transfer Out,Portal,0.1351,Standard,Transfers
C01491,2026-03-23 09:00:00,53.2923,1,64.0000,0,0.3897,Retirement Quote,Portal,0.7487,Standard,Benefits
C00226,2026-03-23 09:12:21,340.3745,1,128.0000,0,0.4891,Death Claim,Post,0.6927,Standard,Claims
C01083,2026-03-23 09:20:26,9.0931,1,64.0000,0,0.4776,Retirement Quote,Phone,0.3649,Standard,Benefits
C01383,2026-03-23 09:30:53,13.6172,1,96.0000,0,0.3363,Transfer Out,Portal,0.2070,Standard,Transfers
C00558,2026-03-23 15:17:36,66.1791,1,96.0000,1,0.4029,Transfer Out,Portal,0.0862,Standard,Transfers
C00907,2026-03-23 15:31:17,38.0310,1,128.0000,0,0.5279,Death Claim,Phone,0.7453,Standard,Claims
C00962,2026-03-23 15:38:11,172.7647,1,96.0000,0,0.4367,Transfer Out,Post,0.2702,Standard,Transfers
C01156,2026-03-23 16:19:45,12.1714,1,72.0000,0,0.4733,Transfer Out,Portal,0.2347,Urgent,Transfers
C00875,2026-03-23 16:32:31,35.0693,1,64.0000,1,0.3620,Retirement Quote,Phone,0.5464,Standard,Benefits
C00266,2026-03-24 09:06:09,157.9917,1,96.0000,1,0.3903,Transfer Out,Portal,0.3348,Standard,Transfers
C00195,2026-03-24 10:04:49,132.0944,1,96.0000,0,0.3957,Transfer Out,Post,0.4395,Standard,Transfers
C00610,2026-03-24 10:30:27,1.2697,1,48.0000,0,0.3659,Retirement Quote,Portal,0.6388,Urgent,Benefits
C00345,2026-03-24 11:36:08,85.0467,1,96.0000,1,0.5248,Transfer Out,Portal,0.4341,Standard,Transfers
C00865,2026-03-24 11:50:59,34.8152,1,48.0000,1,0.3981,Retirement Quote,Post,0.5278,Urgent,Benefits
C01327,2026-03-24 12:00:23,43.8451,1,64.0000,0,0.3762,Retirement Quote,Post,0.4015,Standard,Benefits
C00953,2026-03-24 12:15:18,288.8684,1,96.0000,1,0.3747,Transfer Out,Portal,0.2938,Standard,Transfers
C00540,2026-03-24 12:49:32,65.2634,1,64.0000,1,0.3458,Retirement Quote,Phone,0.1977,Standard,Benefits
C00600,2026-03-24 14:45:39,191.4604,1,76.0000,1,0.3661,Complaint,Portal,0.1561,Standard,Complaints
C00134,2026-03-24 16:45:50,89.5940,1,52.0000,0,0.4208,Contribution Correction,Post,0.4544,Standard,Contributions
C00597,2026-03-24 16:59:08,71.4342,1,64.0000,0,0.3323,Retirement Quote,Post,0.1434,Standard,Benefits
C00385,2026-03-25 10:27:12,19.5212,1,96.0000,0,0.4794,Death Claim,Post,0.5002,Urgent,Claims
C01004,2026-03-25 11:13:57,4.0749,1,48.0000,0,0.3133,Retirement Quote,Portal,0.4230,Urgent,Benefits
C01446,2026-03-25 11:30:06,557.4982,0,96.0000,1,0.3989,Transfer Out,Post,0.5381,Standard,Transfers
C00768,2026-03-25 11:39:00,557.3499,0,39.0000,1,0.3926,Contribution Correction,Portal,0.8294,Urgent,Contributions
C01248,2026-03-25 12:46:24,20.3762,1,96.0000,0,0.3363,Death Claim,Portal,0.5137,Urgent,Claims
C01323,2026-03-25 12:54:30,437.4164,1,64.0000,1,0.3860,Retirement Quote,Post,0.3593,Standard,Benefits
C00533,2026-03-25 14:11:53,223.1496,1,57.0000,1,0.3478,Complaint,Portal,0.5796,Urgent,Complaints
C00845,2026-03-25 14:49:35,27.2726,1,64.0000,0,0.4887,Retirement Quote,Portal,0.5288,Standard,Benefits
C00627,2026-03-25 16:30:56,226.7728,1,76.0000,1,0.3132,Complaint,Portal,0.5266,Standard,Complaints
C00256,2026-03-26 09:26:30,10.1439,1,48.0000,0,0.3536,Retirement Quote,Post,0.8318,Urgent,Benefits
C00372,2026-03-26 10:37:31,197.3600,1,76.0000,1,0.4356,Complaint,Portal,0.1302,Standard,Complaints
C00280,2026-03-26 12:49:08,140.2750,1,128.0000,1,0.3721,Death Claim,Portal,0.3455,Standard,Claims
C01017,2026-03-26 12:50:52,53.8530,1,64.0000,0,0.4360,Retirement Quote,Portal,0.6745,Standard,Benefits
C01322,2026-03-26 13:30:00,118.0726,1,57.0000,1,0.3654,Complaint,Phone,0.6726,Urgent,Complaints
C01262,2026-03-26 14:59:15,150.1240,1,48.0000,1,0.3355,Retirement Quote,Portal,0.2122,Urgent,Benefits
C01133,2026-03-26 16:20:30,0.8389,1,72.0000,0,0.4222,Transfer Out,Phone,0.7929,Urgent,Transfers
C01042,2026-03-26 16:32:11,163.6298,1,64.0000,1,0.4098,Retirement Quote,Portal,0.3890,Standard,Benefits
C00819,2026-03-27 09:46:22,103.2694,1,57.0000,1,0.3211,Complaint,Portal,0.4246,Urgent,Complaints
C00704,2026-03-27 10:40:33,1.4147,1,48.0000,0,0.4441,Retirement Quote,Portal,0.2452,Urgent,Benefits
C00687,2026-03-27 11:12:33,33.1305,1,76.0000,0,0.3626,Complaint,Portal,0.4392,Standard,Complaints
C00236,2026-03-27 11:17:11,13.3185,1,96.0000,0,0.3826,Transfer Out,Portal,0.3133,Standard,Transfers
C00676,2026-03-27 12:05:55,69.2317,1,52.0000,0,0.4233,Contribution Correction,Portal,0.5264,Standard,Contributions
C00383,2026-03-27 12:32:47,2.5429,1,39.0000,0,0.3941,Contribution Correction,Portal,0.2196,Urgent,Contributions
C00691,2026-03-27 13:06:47,33.0844,1,48.0000,0,0.4522,Retirement Quote,Portal,0.3583,Urgent,Benefits
C00918,2026-03-27 13:54:38,21.1023,1,52.0000,0,0.3777,Contribution Correction,Portal,0.5400,Standard,Contributions
C00141,2026-03-27 15:15:58,19.8245,1,96.0000,1,0.3608,Transfer Out,Portal,0.7255,Standard,Transfers
C00922,2026-03-27 15:18:54,8.7154,1,52.0000,0,0.4298,Contribution Correction,Post,0.1636,Standard,Contributions
C00594,2026-03-27 15:40:29,11.4527,1,64.0000,0,0.4640,Retirement Quote,Portal,0.5213,Standard,Benefits
C00082,2026-03-30 09:00:00,16.8602,1,39.0000,0,0.3558,Contribution Correction,Portal,0.5406,Urgent,Contributions
C00145,2026-03-30 09:00:00,105.5916,1,64.0000,1,0.3536,Retirement Quote,Phone,0.4028,Standard,Benefits
C00156,2026-03-30 09:00:00,117.4122,1,128.0000,0,0.4122,Death Claim,Phone,0.5127,Standard,Claims
C00168,2026-03-30 09:00:00,32.6437,1,64.0000,0,0.4375,Retirement Quote,Phone,0.3585,Standard,Benefits
C00219,2026-03-30 09:00:00,35.4634,1,57.0000,0,0.3276,Complaint,Portal,0.3152,Urgent,Complaints
C00254,2026-03-30 09:00:00,20.8198,1,76.0000,0,0.4068,Complaint,Portal,0.1277,Standard,Complaints
C00358,2026-03-30 09:00:00,282.9622,1,39.0000,1,0.4033,Contribution Correction,Portal,0.5345,Urgent,Contributions
C00368,2026-03-30 09:00:00,35.2899,1,52.0000,0,0.3231,Contribution Correction,Post,0.3392,Standard,Contributions
C00529,2026-03-30 09:00:00,49.3567,1,52.0000,0,0.3265,Contribution Correction,Post,0.0667,Standard,Contributions
C00557,2026-03-30 09:00:00,111.4161,1,52.0000,0,0.4152,Contribution Correction,Post,0.1755,Standard,Contributions
C00563,2026-03-30 09:00:00,12.5949,1,48.0000,0,0.3485,Retirement Quote,Phone,0.3834,Urgent,Benefits
C00780,2026-03-30 09:00:00,54.4076,1,64.0000,0,0.4918,Retirement Quote,Portal,0.8176,Standard,Benefits
C00905,2026-03-30 09:00:00,9.1908,1,52.0000,0,0.4023,Contribution Correction,Portal,0.2268,Standard,Contributions
C00998,2026-03-30 09:00:00,12.2144,1,52.0000,0,0.3999,Contribution Correction,Portal,0.2206,Standard,Contributions
C01204,2026-03-30 09:00:00,55.3807,1,128.0000,0,0.4659,Death Claim,Portal,0.4078,Standard,Claims
C01232,2026-03-30 09:00:00,24.2812,1,64.0000,0,0.3062,Retirement Quote,Portal,0.1273,Standard,Benefits
C01253,2026-03-30 09:00:00,13.5019,1,96.0000,0,0.3888,Death Claim,Phone,0.2887,Urgent,Claims
C01361,2026-03-30 09:00:00,26.4994,1,64.0000,1,0.3637,Retirement Quote,Portal,0.3507,Standard,Benefits
C01402,2026-03-30 09:00:00,115.5160,1,96.0000,0,0.3740,Transfer Out,Portal,0.6366,Standard,Transfers
C00976,2026-03-30 09:34:18,12.4684,1,64.0000,0,0.3491,Retirement Quote,Portal,0.4046,Standard,Benefits
C01249,2026-03-30 09:58:55,254.5133,1,64.0000,1,0.4394,Retirement Quote,Portal,0.7485,Standard,Benefits
C00024,2026-03-30 11:40:45,52.5980,1,128.0000,0,0.4161,Death Claim,Post,0.2826,Standard,Claims
C00507,2026-03-30 11:57:28,111.4726,1,76.0000,1,0.3316,Complaint,Portal,0.4955,Standard,Complaints
C00262,2026-03-30 13:01:58,183.0812,1,64.0000,0,0.3731,Retirement Quote,Post,0.5578,Standard,Benefits
C01231,2026-03-30 13:13:20,110.4436,1,96.0000,1,0.3765,Transfer Out,Portal,0.3904,Standard,Transfers
C00400,2026-03-30 13:20:52,68.4321,1,96.0000,0,0.3243,Transfer Out,Portal,0.5835,Standard,Transfers
C00041,2026-03-30 13:43:36,144.9757,1,96.0000,0,0.4743,Transfer Out,Portal,0.7979,Standard,Transfers
C00892,2026-03-30 14:01:56,61.8796,1,57.0000,0,0.4724,Complaint,Phone,0.9114,Urgent,Complaints
C00994,2026-03-30 14:23:52,187.8113,1,96.0000,1,0.3066,Transfer Out,Phone,0.1729,Standard,Transfers
C00527,2026-03-30 14:51:40,45.8357,1,72.0000,1,0.4326,Transfer Out,Post,0.0804,Urgent,Transfers
C01393,2026-03-30 15:09:26,157.6698,1,72.0000,1,0.3371,Transfer Out,Phone,0.6531,Urgent,Transfers
C00675,2026-03-31 09:36:07,516.5214,1,64.0000,1,0.3722,Retirement Quote,Post,0.4395,Standard,Benefits
C00908,2026-03-31 10:47:15,104.2398,1,52.0000,0,0.4169,Contribution Correction,Post,0.1284,Standard,Contributions
C01321,2026-03-31 10:56:13,266.3055,1,64.0000,1,0.3769,Retirement Quote,Post,0.3073,Standard,Benefits
C00469,2026-03-31 11:14:15,43.4702,1,128.0000,0,0.3632,Death Claim,Portal,0.7240,Standard,Claims
C01348,2026-03-31 11:20:01,398.3346,1,52.0000,1,0.3929,Contribution Correction,Portal,0.5873,Standard,Contributions
C00039,2026-03-31 11:20:31,37.0517,1,64.0000,0,0.4201,Retirement Quote,Portal,0.3384,Standard,Benefits
C00045,2026-03-31 11:25:20,11.9710,1,52.0000,0,0.4661,Contribution Correction,Post,0.5196,Standard,Contributions
C01424,2026-03-31 12:56:57,12.4137,1,96.0000,0,0.4102,Transfer Out,Portal,0.4815,Standard,Transfers
C00201,2026-03-31 13:42:12,110.9187,1,64.0000,0,0.3274,Retirement Quote,Portal,0.5350,Standard,Benefits
C00724,2026-03-31 14:30:53,327.4598,1,128.0000,1,0.3306,Death Claim,Portal,0.4430,Standard,Claims
C01419,2026-03-31 15:57:31,40.3048,1,48.0000,0,0.3708,Retirement Quote,Portal,0.6897,Urgent,Benefits
C00172,2026-03-31 15:58:56,521.0177,0,128.0000,1,0.5201,Death Claim,Portal,0.4824,Standard,Claims
C01039,2026-04-01 10:37:56,10.2547,1,76.0000,0,0.3602,Complaint,Phone,0.1622,Standard,Complaints
C00498,2026-04-01 10:56:13,84.7165,1,64.0000,0,0.3974,Retirement Quote,Post,0.3523,Standard,Benefits
C00772,2026-04-01 11:01:35,117.1810,1,64.0000,0,0.4537,Retirement Quote,Post,0.4314,Standard,Benefits
C00136,2026-04-01 11:13:45,21.5673,1,52.0000,0,0.4558,Contribution Correction,Portal,0.1999,Standard,Contributions
C00479,2026-04-01 12:03:55,53.9887,1,96.0000,1,0.3796,Transfer Out,Portal,0.2485,Standard,Transfers
C00719,2026-04-01 13:44:09,43.7946,1,64.0000,0,0.4659,Retirement Quote,Post,0.5294,Standard,Benefits
C01475,2026-04-02 10:27:45,50.5449,1,96.0000,0,0.4276,Death Claim,Portal,0.3873,Urgent,Claims
C00958,2026-04-02 11:45:05,9.7349,1,128.0000,0,0.3482,Death Claim,Portal,0.5521,Standard,Claims
C00490,2026-04-02 11:46:41,59.6940,1,76.0000,0,0.3509,Complaint,Phone,0.4291,Standard,Complaints
C00505,2026-04-02 15:38:19,82.4894,1,52.0000,0,0.4299,Contribution Correction,Phone,0.1883,Standard,Contributions
C00339,2026-04-03 09:10:45,9.6215,1,39.0000,0,0.5316,Contribution Correction,Post,0.1781,Urgent,Contributions
C00878,2026-04-03 09:16:50,35.5244,1,64.0000,0,0.4857,Retirement Quote,Portal,0.5696,Standard,Benefits
C00390,2026-04-03 09:36:51,3.6629,1,64.0000,0,0.4405,Retirement Quote,Portal,0.5803,Standard,Benefits
C01250,2026-04-03 14:06:19,8.4401,1,48.0000,1,0.3331,Retirement Quote,Portal,0.3598,Urgent,Benefits
C00817,2026-04-03 14:10:26,48.5763,1,64.0000,0,0.4876,Retirement Quote,Phone,0.3778,Standard,Benefits
C01472,2026-04-03 16:39:56,37.6936,1,64.0000,0,0.3687,Retirement Quote,Portal,0.2836,Standard,Benefits
C00896,2026-04-03 16:49:32,305.8283,1,57.0000,1,0.3409,Complaint,Portal,0.7738,Urgent,Complaints
C00029,2026-04-06 09:00:00,496.0000,0,96.0000,1,0.4542,Transfer Out,Post,0.1337,Standard,Transfers
C00169,2026-04-06 09:00:00,0.5160,1,72.0000,0,0.3969,Transfer Out,Portal,0.2965,Urgent,Transfers
C00830,2026-04-06 09:00:00,14.2913,1,64.0000,0,0.4717,Retirement Quote,Portal,0.3047,Standard,Benefits
C00840,2026-04-06 09:00:00,261.6209,1,64.0000,0,0.3802,Retirement Quote,Portal,0.7052,Standard,Benefits
C01038,2026-04-06 09:00:00,154.1554,1,128.0000,1,0.4107,Death Claim,Portal,0.5940,Standard,Claims
C01105,2026-04-06 09:00:00,271.2361,1,128.0000,1,0.4330,Death Claim,Phone,0.3254,Standard,Claims
C01164,2026-04-06 09:00:00,277.2308,1,96.0000,1,0.4181,Death Claim,Portal,0.1175,Urgent,Claims
C01280,2026-04-06 09:00:00,63.7843,1,76.0000,0,0.4999,Complaint,Portal,0.6699,Standard,Complaints
C01283,2026-04-06 09:00:00,25.4571,1,64.0000,0,0.4257,Retirement Quote,Post,0.4819,Standard,Benefits
C01458,2026-04-06 09:00:00,87.2201,1,64.0000,0,0.3776,Retirement Quote,Portal,0.5043,Standard,Benefits
C01485,2026-04-06 09:00:00,35.8835,1,96.0000,0,0.4039,Death Claim,Portal,0.8791,Urgent,Claims
C00847,2026-04-06 10:57:33,10.0377,1,39.0000,0,0.3819,Contribution Correction,Portal,0.0942,Urgent,Contributions
C00814,2026-04-06 11:51:54,56.0840,1,128.0000,0,0.4152,Death Claim,Phone,0.5594,Standard,Claims
C01345,2026-04-06 12:37:44,37.8470,1,64.0000,0,0.3310,Retirement Quote,Portal,0.6985,Standard,Benefits
C01130,2026-04-06 13:38:27,349.5004,1,64.0000,1,0.3757,Retirement Quote,Post,0.5067,Standard,Benefits
C00753,2026-04-06 14:05:05,110.4452,1,76.0000,0,0.4167,Complaint,Phone,0.2262,Standard,Complaints
C01423,2026-04-06 15:02:03,20.0255,1,64.0000,0,0.4241,Retirement Quote,Post,0.1062,Standard,Benefits
C00228,2026-04-07 10:40:08,36.3503,1,48.0000,0,0.4275,Retirement Quote,Portal,0.4998,Urgent,Benefits
C01097,2026-04-07 11:22:21,83.9003,1,96.0000,0,0.4049,Transfer Out,Portal,0.2886,Standard,Transfers
C01311,2026-04-07 14:31:31,60.2775,1,128.0000,1,0.3604,Death Claim,Portal,0.2987,Standard,Claims
C01366,2026-04-07 15:37:38,334.9705,1,96.0000,1,0.3688,Transfer Out,Portal,0.6541,Standard,Transfers
C01170,2026-04-07 15:38:29,40.7235,1,76.0000,0,0.3675,Complaint,Portal,0.1213,Standard,Complaints
C00452,2026-04-07 16:09:20,37.3577,1,39.0000,0,0.4238,Contribution Correction,Post,0.1491,Urgent,Contributions
C00921,2026-04-07 16:29:28,50.7030,1,52.0000,0,0.3896,Contribution Correction,Portal,0.2925,Standard,Contributions
C00818,2026-04-08 10:13:16,25.3325,1,52.0000,0,0.4778,Contribution Correction,Portal,0.4738,Standard,Contributions
C00570,2026-04-08 10:21:28,59.6150,1,64.0000,0,0.3784,Retirement Quote,Portal,0.3260,Standard,Benefits
C00074,2026-04-08 10:48:51,82.1585,1,64.0000,0,0.2839,Retirement Quote,Post,0.0319,Standard,Benefits
C01085,2026-04-08 14:21:33,78.3461,1,64.0000,0,0.3853,Retirement Quote,Phone,0.1383,Standard,Benefits
C01404,2026-04-08 14:49:21,121.9528,1,64.0000,0,0.3594,Retirement Quote,Post,0.3331,Standard,Benefits
C00616,2026-04-08 16:41:03,276.2852,1,64.0000,1,0.3970,Retirement Quote,Phone,0.0744,Standard,Benefits
C00712,2026-04-08 16:44:27,154.1947,1,64.0000,0,0.4956,Retirement Quote,Portal,0.8558,Standard,Benefits
C01452,2026-04-09 12:21:18,24.5694,1,52.0000,0,0.3225,Contribution Correction,Portal,0.4721,Standard,Contributions
C00028,2026-04-09 13:19:18,230.4949,1,72.0000,1,0.3992,Transfer Out,Portal,0.6247,Urgent,Transfers
C00034,2026-04-09 16:41:51,10.3790,1,48.0000,0,0.4020,Retirement Quote,Portal,0.2336,Urgent,Benefits
C01429,2026-04-10 09:13:03,22.5337,1,64.0000,0,0.3728,Retirement Quote,Post,0.1924,Standard,Benefits
C01314,2026-04-10 09:32:25,10.9950,1,57.0000,0,0.3751,Complaint,Portal,0.3311,Urgent,Complaints
C01487,2026-04-10 09:43:49,11.9489,1,48.0000,0,0.3552,Retirement Quote,Portal,0.7398,Urgent,Benefits
C01266,2026-04-10 09:54:55,20.1255,1,96.0000,1,0.3507,Transfer Out,Portal,0.1467,Standard,Transfers
C00076,2026-04-10 10:12:11,29.4711,1,96.0000,0,0.4284,Transfer Out,Portal,0.3720,Standard,Transfers
C01457,2026-04-10 11:21:56,46.9782,1,39.0000,0,0.4027,Contribution Correction,Portal,0.2776,Urgent,Contributions
C00374,2026-04-10 12:01:56,8.8831,1,128.0000,0,0.3808,Death Claim,Portal,0.2734,Standard,Claims
C00735,2026-04-10 12:25:52,48.9852,1,64.0000,0,0.2851,Retirement Quote,Portal,0.5939,Standard,Benefits
C00486,2026-04-10 14:38:51,38.1370,1,96.0000,0,0.4052,Transfer Out,Post,0.8443,Standard,Transfers
C00054,2026-04-10 14:53:49,112.8379,1,52.0000,0,0.3375,Contribution Correction,Post,0.2842,Standard,Contributions
C00577,2026-04-10 15:37:26,17.5429,1,72.0000,0,0.4604,Transfer Out,Portal,0.1698,Urgent,Transfers
C00119,2026-04-13 09:00:00,142.3170,1,52.0000,0,0.8922,Contribution Correction,Phone,0.4154,Standard,Contributions
C00171,2026-04-13 09:00:00,152.2214,1,96.0000,0,0.6706,Transfer Out,Portal,0.6328,Standard,Transfers
C00373,2026-04-13 09:00:00,45.5498,1,96.0000,1,0.6977,Transfer Out,Portal,0.2249,Standard,Transfers
C00444,2026-04-13 09:00:00,287.2943,1,72.0000,1,0.8576,Transfer Out,Portal,0.5364,Urgent,Transfers
C00457,2026-04-13 09:00:00,8.6444,1,76.0000,0,0.6696,Complaint,Phone,0.3334,Standard,Complaints
C00478,2026-04-13 09:00:00,20.0080,1,64.0000,0,0.7799,Retirement Quote,Portal,0.3741,Standard,Benefits
C00517,2026-04-13 09:00:00,72.3823,1,96.0000,1,0.6495,Transfer Out,Post,0.4427,Standard,Transfers
C00531,2026-04-13 09:00:00,62.4891,1,39.0000,1,0.7856,Contribution Correction,Portal,0.3618,Urgent,Contributions
C00583,2026-04-13 09:00:00,64.8811,1,76.0000,1,0.6957,Complaint,Portal,0.5187,Standard,Complaints
C00589,2026-04-13 09:00:00,0.4122,1,64.0000,0,0.7033,Retirement Quote,Portal,0.0649,Standard,Benefits
C00602,2026-04-13 09:00:00,18.7004,1,128.0000,0,0.7789,Death Claim,Phone,0.5667,Standard,Claims
C00623,2026-04-13 09:00:00,14.7049,1,96.0000,0,0.6545,Transfer Out,Phone,0.0801,Standard,Transfers
C00653,2026-04-13 09:00:00,456.0000,0,52.0000,1,0.7057,Contribution Correction,Portal,0.3215,Standard,Contributions
C00659,2026-04-13 09:00:00,32.4677,1,52.0000,0,0.7663,Contribution Correction,Post,0.4279,Standard,Contributions
C00747,2026-04-13 09:00:00,151.8346,1,128.0000,1,0.7858,Death Claim,Portal,0.1669,Standard,Claims
C00763,2026-04-13 09:00:00,79.4172,1,72.0000,0,0.7155,Transfer Out,Portal,0.3492,Urgent,Transfers
C00868,2026-04-13 09:00:00,42.8561,1,96.0000,0,0.6948,Transfer Out,Portal,0.4458,Standard,Transfers
C00974,2026-04-13 09:00:00,22.8274,1,128.0000,0,0.7187,Death Claim,Phone,0.3091,Standard,Claims
C00990,2026-04-13 09:00:00,30.3723,1,72.0000,0,0.6466,Transfer Out,Portal,0.1796,Urgent,Transfers
C01036,2026-04-13 09:00:00,17.1707,1,76.0000,0,0.9073,Complaint,Portal,0.3125,Standard,Complaints
C01046,2026-04-13 09:00:00,46.7029,1,39.0000,0,0.7973,Contribution Correction,Post,0.6797,Urgent,Contributions
C01103,2026-04-13 09:00:00,49.3999,1,96.0000,0,0.8010,Transfer Out,Phone,0.2708,Standard,Transfers
C01169,2026-04-13 09:00:00,10.9912,1,76.0000,0,0.6742,Complaint,Portal,0.2239,Standard,Complaints
C01182,2026-04-13 09:00:00,26.7493,1,64.0000,0,0.7559,Retirement Quote,Portal,0.3228,Standard,Benefits
C01211,2026-04-13 09:00:00,6.1475,1,52.0000,0,0.5417,Contribution Correction,Post,0.0549,Standard,Contributions
C01277,2026-04-13 09:00:00,12.3543,1,48.0000,0,0.6890,Retirement Quote,Portal,0.2459,Urgent,Benefits
C01301,2026-04-13 09:00:00,4.7007,1,72.0000,1,0.7329,Transfer Out,Portal,0.2266,Urgent,Transfers
C01379,2026-04-13 09:00:00,30.9136,1,48.0000,0,0.8580,Retirement Quote,Portal,0.2648,Urgent,Benefits
C01294,2026-04-13 09:19:29,48.1281,1,72.0000,0,0.7042,Transfer Out,Portal,0.3382,Urgent,Transfers
C01414,2026-04-13 09:27:21,428.0112,1,52.0000,1,0.8136,Contribution Correction,Phone,0.1129,Standard,Contributions
C00379,2026-04-13 10:12:41,53.9991,1,52.0000,0,0.6812,Contribution Correction,Phone,0.7626,Standard,Contributions
C00632,2026-04-13 10:21:26,98.5247,1,48.0000,0,0.8015,Retirement Quote,Post,0.5769,Urgent,Benefits
C00549,2026-04-13 10:25:18,41.5470,1,52.0000,0,0.7351,Contribution Correction,Phone,0.7397,Standard,Contributions
C01160,2026-04-13 11:23:12,129.6863,1,64.0000,0,0.9210,Retirement Quote,Phone,0.4886,Standard,Benefits
C01367,2026-04-13 11:27:47,47.2442,1,128.0000,0,0.6125,Death Claim,Portal,0.3348,Standard,Claims
C00590,2026-04-13 11:30:05,64.7857,1,57.0000,0,0.6978,Complaint,Portal,0.3483,Urgent,Complaints
C00407,2026-04-13 12:03:29,35.3879,1,64.0000,0,0.7089,Retirement Quote,Portal,0.3972,Standard,Benefits
C01403,2026-04-13 13:08:50,424.0868,1,57.0000,1,0.7357,Complaint,Phone,0.4494,Urgent,Complaints
C01433,2026-04-13 13:35:22,49.9598,1,52.0000,0,0.8143,Contribution Correction,Post,0.1820,Standard,Contributions
C00532,2026-04-13 14:02:58,168.7667,1,52.0000,0,0.9655,Contribution Correction,Phone,0.5903,Standard,Contributions
C00945,2026-04-13 14:21:29,91.9422,1,64.0000,0,0.6838,Retirement Quote,Post,0.1409,Standard,Benefits
C01296,2026-04-13 14:33:06,14.4193,1,96.0000,0,0.6539,Death Claim,Portal,0.2049,Urgent,Claims
C00217,2026-04-13 15:00:52,9.4128,1,96.0000,0,0.6355,Transfer Out,Portal,0.4570,Standard,Transfers
C00682,2026-04-13 15:00:52,91.7758,1,52.0000,0,0.5657,Contribution Correction,Portal,0.4990,Standard,Contributions
C00506,2026-04-13 15:56:18,35.6212,1,96.0000,1,0.8687,Transfer Out,Portal,0.0282,Standard,Transfers
C01442,2026-04-14 09:03:23,447.9433,0,128.0000,1,0.5902,Death Claim,Phone,0.7859,Standard,Claims
C01270,2026-04-14 09:17:27,94.8308,1,52.0000,0,0.5883,Contribution Correction,Post,0.4673,Standard,Contributions
C00209,2026-04-14 10:27:02,446.5492,0,64.0000,1,0.8022,Retirement Quote,Post,0.3410,Standard,Benefits
C01480,2026-04-14 11:40:17,54.6039,1,128.0000,0,0.7743,Death Claim,Portal,0.2622,Standard,Claims
C00099,2026-04-14 12:21:19,220.2900,1,39.0000,1,0.4324,Contribution Correction,Post,0.3521,Urgent,Contributions
C01084,2026-04-14 13:22:34,40.9992,1,64.0000,0,0.5851,Retirement Quote,Portal,0.4247,Standard,Benefits
C00253,2026-04-14 13:34:55,13.0088,1,96.0000,0,0.7417,Transfer Out,Portal,0.3685,Standard,Transfers
C01492,2026-04-14 16:25:29,102.3366,1,64.0000,0,0.7479,Retirement Quote,Post,0.4697,Standard,Benefits
C00162,2026-04-15 09:05:06,75.5150,1,52.0000,0,0.8018,Contribution Correction,Phone,0.4243,Standard,Contributions
C01353,2026-04-15 09:17:25,183.0570,1,76.0000,0,0.6895,Complaint,Post,0.5448,Standard,Complaints
C00476,2026-04-15 09:18:21,24.5242,1,48.0000,0,0.8645,Retirement Quote,Portal,0.9096,Urgent,Benefits
C01223,2026-04-15 10:21:00,17.5443,1,64.0000,0,0.8054,Retirement Quote,Portal,0.7662,Standard,Benefits
C00503,2026-04-15 12:11:30,436.8081,0,96.0000,1,0.7354,Transfer Out,Phone,0.1256,Standard,Transfers
C01421,2026-04-15 13:30:56,23.3065,1,128.0000,0,0.6319,Death Claim,Portal,0.5577,Standard,Claims
C00202,2026-04-15 14:53:46,100.3440,1,64.0000,1,0.7400,Retirement Quote,Portal,0.2388,Standard,Benefits
C01465,2026-04-15 15:37:05,20.4515,1,57.0000,0,0.6445,Complaint,Portal,0.5728,Urgent,Complaints
C01018,2026-04-15 16:18:18,432.6950,0,52.0000,1,0.7127,Contribution Correction,Post,0.3502,Standard,Contributions
C01142,2026-04-15 16:23:23,26.3801,1,48.0000,0,0.6624,Retirement Quote,Phone,0.1735,Urgent,Benefits
C00331,2026-04-15 16:28:23,432.5268,0,96.0000,1,0.6613,Transfer Out,Portal,0.6037,Standard,Transfers
C00838,2026-04-15 16:52:10,171.0485,1,96.0000,1,0.7050,Transfer Out,Portal,0.2995,Standard,Transfers
C01255,2026-04-16 09:19:52,181.0034,1,96.0000,1,0.6472,Transfer Out,Portal,0.0544,Standard,Transfers
C01468,2026-04-16 09:41:24,8.4847,1,76.0000,0,0.6982,Complaint,Phone,0.1866,Standard,Complaints
C01495,2026-04-16 10:11:31,169.8438,1,96.0000,1,0.7524,Transfer Out,Post,0.2852,Standard,Transfers
C01488,2026-04-16 10:53:55,430.1013,0,76.0000,1,0.7638,Complaint,Portal,0.2485,Standard,Complaints
C01187,2026-04-16 11:05:24,73.0832,1,96.0000,1,0.6602,Death Claim,Post,0.5472,Urgent,Claims
C01412,2026-04-16 11:49:37,280.7133,1,96.0000,1,0.7590,Transfer Out,Phone,0.1482,Standard,Transfers
C00361,2026-04-16 12:18:55,344.0382,1,76.0000,1,0.7584,Complaint,Portal,0.3386,Standard,Complaints
C00463,2026-04-16 12:27:40,41.4365,1,64.0000,0,0.6898,Retirement Quote,Phone,0.2216,Standard,Benefits
C00494,2026-04-16 12:28:00,184.1862,1,96.0000,0,0.8102,Transfer Out,Portal,0.5591,Standard,Transfers
C00936,2026-04-16 13:23:25,96.6625,1,96.0000,0,0.6293,Transfer Out,Post,0.2997,Standard,Transfers
C00397,2026-04-16 13:53:05,427.1152,0,128.0000,1,0.8376,Death Claim,Post,0.2408,Standard,Claims
C00263,2026-04-16 14:06:06,201.4789,1,96.0000,1,0.6841,Transfer Out,Portal,0.4230,Standard,Transfers
C01324,2026-04-16 14:50:49,426.1530,0,96.0000,1,0.7333,Transfer Out,Phone,0.4818,Standard,Transfers
C00778,2026-04-16 15:19:40,36.0983,1,76.0000,0,0.6125,Complaint,Portal,0.1344,Standard,Complaints
C00068,2026-04-16 16:10:02,383.0954,1,52.0000,0,0.7050,Contribution Correction,Post,0.4686,Standard,Contributions
C01161,2026-04-16 16:18:56,140.8559,1,128.0000,1,0.6921,Death Claim,Portal,0.6329,Standard,Claims
C01349,2026-04-17 09:39:26,353.7642,1,128.0000,1,0.8255,Death Claim,Phone,0.3547,Standard,Claims
C00635,2026-04-17 10:19:54,250.9260,1,128.0000,1,0.6643,Death Claim,Portal,0.6896,Standard,Claims
C01210,2026-04-17 10:36:27,22.6209,1,72.0000,0,0.7842,Transfer Out,Phone,0.4591,Urgent,Transfers
C00265,2026-04-17 11:57:52,26.1127,1,72.0000,0,0.6787,Transfer Out,Portal,0.3723,Urgent,Transfers
C01189,2026-04-17 13:29:03,8.7654,1,48.0000,0,0.6780,Retirement Quote,Post,0.3611,Urgent,Benefits
C01078,2026-04-17 13:38:59,419.3502,0,64.0000,1,0.8016,Retirement Quote,Portal,0.4425,Standard,Benefits
C00836,2026-04-17 15:57:21,56.1412,1,128.0000,0,0.6893,Death Claim,Post,0.3184,Standard,Claims
C00038,2026-04-20 09:00:00,228.9920,1,72.0000,1,0.5167,Transfer Out,Portal,0.7628,Urgent,Transfers
C00061,2026-04-20 09:00:00,65.6513,1,52.0000,0,0.7896,Contribution Correction,Portal,0.3221,Standard,Contributions
C00062,2026-04-20 09:00:00,77.1933,1,64.0000,0,0.8336,Retirement Quote,Phone,0.6730,Standard,Benefits
C00224,2026-04-20 09:00:00,416.0000,0,64.0000,1,0.7908,Retirement Quote,Post,0.3526,Standard,Benefits
C00412,2026-04-20 09:00:00,145.2054,1,76.0000,1,0.7250,Complaint,Post,0.4709,Standard,Complaints
C00546,2026-04-20 09:00:00,4.6214,1,72.0000,0,0.5823,Transfer Out,Portal,0.5118,Urgent,Transfers
C00702,2026-04-20 09:00:00,49.1779,1,39.0000,0,0.7734,Contribution Correction,Phone,0.3042,Urgent,Contributions
C00730,2026-04-20 09:00:00,129.3067,1,96.0000,0,0.7962,Death Claim,Phone,0.8068,Urgent,Claims
C00848,2026-04-20 09:00:00,155.8171,1,64.0000,0,0.7115,Retirement Quote,Phone,0.6044,Standard,Benefits
C01267,2026-04-20 09:00:00,233.5378,1,128.0000,1,0.6937,Death Claim,Post,0.3192,Standard,Claims
C01319,2026-04-20 09:00:00,70.4256,1,64.0000,1,0.7705,Retirement Quote,Portal,0.6501,Standard,Benefits
C01387,2026-04-20 09:00:00,287.8083,1,64.0000,1,0.7656,Retirement Quote,Phone,0.6063,Standard,Benefits
C01438,2026-04-20 09:00:00,47.5857,1,128.0000,0,0.7709,Death Claim,Post,0.4430,Standard,Claims
C01456,2026-04-20 09:00:00,8.8596,1,64.0000,0,0.8345,Retirement Quote,Post,0.4180,Standard,Benefits
C00789,2026-04-20 09:05:12,132.8127,1,64.0000,1,0.7830,Retirement Quote,Portal,0.6998,Standard,Benefits
C00422,2026-04-20 10:37:47,34.4935,1,48.0000,0,0.7746,Retirement Quote,Phone,0.4463,Urgent,Benefits
C00839,2026-04-20 11:59:51,413.0023,0,128.0000,1,0.8576,Death Claim,Post,0.6365,Standard,Claims
C00941,2026-04-20 14:04:55,29.6990,1,128.0000,0,0.7397,Death Claim,Phone,0.7105,Standard,Claims
C00579,2026-04-20 15:53:56,35.9196,1,76.0000,0,0.7558,Complaint,Phone,0.4162,Standard,Complaints
C00555,2026-04-20 16:16:16,38.1775,1,64.0000,0,0.7758,Retirement Quote,Portal,0.2653,Standard,Benefits
C00460,2026-04-20 16:41:22,408.3104,0,52.0000,1,0.8304,Contribution Correction,Portal,0.2169,Standard,Contributions
C00911,2026-04-21 09:12:53,407.7851,0,96.0000,1,0.6913,Transfer Out,Post,0.7273,Standard,Transfers
C00474,2026-04-21 09:15:09,38.4393,1,64.0000,0,0.7056,Retirement Quote,Portal,0.0515,Standard,Benefits
C01336,2026-04-21 10:39:58,87.7314,1,64.0000,0,0.7050,Retirement Quote,Phone,0.6868,Standard,Benefits
C00650,2026-04-21 10:56:41,179.4060,1,52.0000,0,0.7293,Contribution Correction,Portal,0.6203,Standard,Contributions
C00257,2026-04-21 11:08:02,71.7207,1,76.0000,1,0.5207,Complaint,Portal,0.4453,Standard,Complaints
C01416,2026-04-21 13:14:01,365.7429,1,52.0000,0,0.9686,Contribution Correction,Post,0.4941,Standard,Contributions
C01315,2026-04-21 13:20:49,29.1855,1,52.0000,0,0.7086,Contribution Correction,Portal,0.1106,Standard,Contributions
C01260,2026-04-21 13:36:19,67.7859,1,64.0000,0,0.7958,Retirement Quote,Portal,0.5300,Standard,Benefits
C01340,2026-04-21 13:47:42,149.1431,1,52.0000,0,0.5210,Contribution Correction,Portal,0.3150,Standard,Contributions
C00220,2026-04-21 14:15:28,402.7421,0,72.0000,1,0.7855,Transfer Out,Phone,0.6745,Urgent,Transfers
C00158,2026-04-21 14:24:10,363.7049,1,39.0000,1,0.6484,Contribution Correction,Post,0.2082,Urgent,Contributions
C01108,2026-04-21 14:44:41,68.3754,1,64.0000,0,0.8104,Retirement Quote,Portal,0.1143,Standard,Benefits
C00641,2026-04-21 16:55:28,46.9234,1,52.0000,0,0.5258,Contribution Correction,Portal,0.2444,Standard,Contributions
C01224,2026-04-22 09:35:06,49.4544,1,52.0000,0,0.8066,Contribution Correction,Portal,0.1963,Standard,Contributions
C00603,2026-04-22 10:30:26,47.1937,1,72.0000,0,0.8481,Transfer Out,Portal,0.2800,Urgent,Transfers
C00031,2026-04-22 11:33:10,137.9194,1,64.0000,0,0.6784,Retirement Quote,Phone,0.6433,Standard,Benefits
C00666,2026-04-22 11:53:11,157.9623,1,64.0000,0,0.7857,Retirement Quote,Portal,0.6498,Standard,Benefits
C01272,2026-04-22 12:09:43,396.8378,0,96.0000,1,0.6624,Death Claim,Post,0.7995,Urgent,Claims
C01448,2026-04-22 12:40:15,84.1834,1,64.0000,0,0.8246,Retirement Quote,Post,0.4432,Standard,Benefits
C00684,2026-04-22 12:58:19,139.7087,1,64.0000,0,0.8475,Retirement Quote,Portal,0.5497,Standard,Benefits
C01285,2026-04-22 13:25:14,37.0902,1,48.0000,0,0.7756,Retirement Quote,Post,0.2777,Urgent,Benefits
C01111,2026-04-22 14:04:37,72.0970,1,52.0000,0,0.8283,Contribution Correction,Portal,0.2168,Standard,Contributions
C00308,2026-04-22 14:12:09,3.1241,1,96.0000,0,0.7357,Death Claim,Portal,0.2092,Urgent,Claims
C00801,2026-04-22 14:16:36,123.1144,1,128.0000,0,0.6512,Death Claim,Portal,0.0407,Standard,Claims
C00642,2026-04-22 15:56:53,13.6782,1,64.0000,0,0.6066,Retirement Quote,Post,0.4921,Standard,Benefits
C00574,2026-04-23 09:09:15,63.4444,1,128.0000,0,0.5729,Death Claim,Portal,0.2980,Standard,Claims
C00795,2026-04-23 09:24:26,51.7049,1,39.0000,0,0.7147,Contribution Correction,Phone,0.5065,Urgent,Contributions
C01120,2026-04-23 10:53:45,70.1824,1,96.0000,1,0.6967,Transfer Out,Portal,0.3742,Standard,Transfers
C01162,2026-04-23 11:12:49,1.1081,1,39.0000,0,0.7302,Contribution Correction,Phone,0.1698,Urgent,Contributions
C01074,2026-04-23 11:30:25,67.9648,1,64.0000,0,0.6502,Retirement Quote,Portal,0.4265,Standard,Benefits
C00680,2026-04-23 12:25:57,108.2472,1,52.0000,0,0.8013,Contribution Correction,Post,0.5660,Standard,Contributions
C00487,2026-04-23 12:38:22,361.9056,1,96.0000,1,0.6725,Transfer Out,Portal,0.3631,Standard,Transfers
C01118,2026-04-23 13:04:45,136.3497,1,72.0000,0,0.7777,Transfer Out,Portal,0.7947,Urgent,Transfers
C00483,2026-04-23 14:55:25,107.8455,1,64.0000,0,0.7666,Retirement Quote,Post,0.4000,Standard,Benefits
C00798,2026-04-23 14:57:44,23.6520,1,48.0000,0,0.6647,Retirement Quote,Portal,0.2111,Urgent,Benefits
C00934,2026-04-23 15:19:53,189.5348,1,128.0000,0,0.7890,Death Claim,Portal,0.5464,Standard,Claims
C01274,2026-04-23 16:06:13,46.1484,1,52.0000,0,0.6545,Contribution Correction,Portal,0.5645,Standard,Contributions
C00821,2026-04-24 09:49:22,86.0709,1,64.0000,0,0.6783,Retirement Quote,Portal,0.3578,Standard,Benefits
C00216,2026-04-24 13:16:48,282.2951,1,96.0000,0,0.6273,Transfer Out,Post,0.4381,Standard,Transfers
C00854,2026-04-24 14:54:26,148.0327,1,64.0000,0,0.8023,Retirement Quote,Post,0.2871,Standard,Benefits
C01400,2026-04-24 16:35:51,263.6134,1,64.0000,0,0.7217,Retirement Quote,Phone,0.1424,Standard,Benefits
C00104,2026-04-27 09:00:00,86.9150,1,76.0000,0,0.6375,Complaint,Portal,0.5865,Standard,Complaints
C00363,2026-04-27 09:00:00,2.6288,1,52.0000,0,0.6967,Contribution Correction,Portal,0.7931,Standard,Contributions
C00371,2026-04-27 09:00:00,263.3651,1,64.0000,0,0.7070,Retirement Quote,Portal,0.7839,Standard,Benefits
C00427,2026-04-27 09:00:00,153.3967,1,48.0000,0,0.6267,Retirement Quote,Portal,0.7832,Urgent,Benefits
C00450,2026-04-27 09:00:00,243.1308,1,64.0000,0,0.6922,Retirement Quote,Phone,0.4742,Standard,Benefits
C00711,2026-04-27 09:00:00,42.1216,1,72.0000,0,0.5811,Transfer Out,Portal,0.6369,Urgent,Transfers
C00743,2026-04-27 09:00:00,44.5805,1,76.0000,0,0.6146,Complaint,Portal,0.3543,Standard,Complaints
C00777,2026-04-27 09:00:00,12.7595,1,76.0000,0,0.8682,Complaint,Phone,0.4122,Standard,Complaints
C01056,2026-04-27 09:00:00,27.5631,1,64.0000,0,0.7008,Retirement Quote,Portal,0.3188,Standard,Benefits
C01094,2026-04-27 09:00:00,0.0782,1,96.0000,0,0.7267,Death Claim,Phone,0.2064,Urgent,Claims
C01135,2026-04-27 09:00:00,165.2697,1,52.0000,0,0.7040,Contribution Correction,Portal,0.5250,Standard,Contributions
C01183,2026-04-27 09:00:00,17.2248,1,128.0000,0,0.8039,Death Claim,Portal,0.2020,Standard,Claims
C01192,2026-04-27 09:00:00,78.2419,1,96.0000,0,0.6771,Transfer Out,Post,0.5806,Standard,Transfers
C01203,2026-04-27 09:00:00,84.0578,1,96.0000,1,0.7447,Death Claim,Portal,0.8804,Urgent,Claims
C01228,2026-04-27 09:00:00,374.7436,1,64.0000,1,1.0000,Retirement Quote,Portal,0.4006,Standard,Benefits
C01373,2026-04-27 09:00:00,97.3312,1,64.0000,0,0.7207,Retirement Quote,Portal,0.0749,Standard,Benefits
C01398,2026-04-27 09:00:00,122.4416,1,64.0000,1,0.8358,Retirement Quote,Portal,0.2902,Standard,Benefits
C01415,2026-04-27 09:00:00,0.5067,1,57.0000,0,0.7491,Complaint,Phone,0.6500,Urgent,Complaints
C00689,2026-04-27 10:13:23,22.0472,1,76.0000,0,0.7255,Complaint,Portal,0.4645,Standard,Complaints
C00221,2026-04-27 10:31:52,0.6929,1,39.0000,0,0.5981,Contribution Correction,Phone,0.5379,Urgent,Contributions
C01343,2026-04-27 12:30:54,84.7133,1,96.0000,0,0.7168,Death Claim,Phone,0.3551,Urgent,Claims
C00137,2026-04-27 16:06:09,15.4858,1,64.0000,0,0.6907,Retirement Quote,Portal,0.1232,Standard,Benefits
C00925,2026-04-27 16:23:02,13.3232,1,128.0000,0,0.7729,Death Claim,Post,0.2453,Standard,Claims
C00203,2026-04-28 09:54:31,26.7892,1,96.0000,0,0.6920,Transfer Out,Portal,0.3329,Standard,Transfers
C00235,2026-04-28 10:05:20,45.2744,1,96.0000,0,0.8519,Transfer Out,Post,0.7201,Standard,Transfers
C01242,2026-04-28 10:42:09,366.2975,0,128.0000,1,0.5004,Death Claim,Post,0.2601,Standard,Claims
C00117,2026-04-28 10:44:06,308.0126,1,72.0000,1,0.7135,Transfer Out,Post,0.4874,Urgent,Transfers
C00052,2026-04-28 11:37:05,365.3818,0,128.0000,1,0.6516,Death Claim,Portal,0.4709,Standard,Claims
C00462,2026-04-28 13:01:17,1.0658,1,39.0000,0,0.7568,Contribution Correction,Portal,0.4697,Urgent,Contributions
C00739,2026-04-28 13:20:11,3.5748,1,52.0000,0,0.6387,Contribution Correction,Portal,0.0890,Standard,Contributions
C01050,2026-04-28 14:51:29,325.3383,1,64.0000,0,0.8642,Retirement Quote,Post,0.3441,Standard,Benefits
C00316,2026-04-28 14:54:37,41.5007,1,39.0000,0,1.0000,Contribution Correction,Phone,0.3703,Urgent,Contributions
C01070,2026-04-29 09:16:30,68.1928,1,76.0000,0,0.6109,Complaint,Portal,0.8498,Standard,Complaints
C00112,2026-04-29 10:05:15,1.2494,1,72.0000,0,0.7748,Transfer Out,Portal,0.3870,Urgent,Transfers
C01494,2026-04-29 12:13:40,36.4951,1,52.0000,0,0.7561,Contribution Correction,Portal,0.4051,Standard,Contributions
C01268,2026-04-29 12:38:32,8.6165,1,64.0000,0,0.7170,Retirement Quote,Portal,0.5475,Standard,Benefits
C00677,2026-04-29 13:23:37,22.8998,1,128.0000,0,0.6993,Death Claim,Post,0.3981,Standard,Claims
C00573,2026-04-29 13:48:56,155.1376,1,96.0000,1,0.7825,Transfer Out,Post,0.1208,Standard,Transfers
C00276,2026-04-29 14:03:58,29.0939,1,39.0000,0,0.6821,Contribution Correction,Phone,0.5713,Urgent,Contributions
C00984,2026-04-29 14:18:28,209.6926,1,64.0000,0,0.6829,Retirement Quote,Post,0.9184,Standard,Benefits
C00349,2026-04-29 16:14:24,15.2810,1,39.0000,0,0.7059,Contribution Correction,Portal,0.5148,Urgent,Contributions
C00698,2026-04-29 16:21:01,49.9660,1,72.0000,0,0.7212,Transfer Out,Post,0.4127,Urgent,Transfers
C01149,2026-04-29 16:33:16,84.8159,1,128.0000,1,0.6139,Death Claim,Portal,0.3953,Standard,Claims
C00860,2026-04-30 11:00:34,22.1292,1,72.0000,0,0.7106,Transfer Out,Post,0.3414,Urgent,Transfers
C00273,2026-04-30 12:03:48,348.9365,0,48.0000,1,0.8256,Retirement Quote,Portal,0.3161,Urgent,Benefits
C01234,2026-04-30 13:28:14,0.8422,1,52.0000,0,0.7036,Contribution Correction,Portal,0.3718,Standard,Contributions
C00996,2026-04-30 13:30:54,90.4632,1,52.0000,0,0.7465,Contribution Correction,Portal,0.1502,Standard,Contributions
C00499,2026-04-30 13:33:48,15.7103,1,128.0000,0,0.6913,Death Claim,Portal,0.4015,Standard,Claims
C00178,2026-04-30 14:33:15,31.8423,1,96.0000,0,0.7300,Transfer Out,Portal,0.2409,Standard,Transfers
C00575,2026-04-30 14:45:09,22.4358,1,48.0000,0,0.6861,Retirement Quote,Portal,0.1989,Urgent,Benefits
C00913,2026-04-30 15:37:58,345.3672,0,96.0000,1,0.7525,Transfer Out,Portal,0.4690,Standard,Transfers
C00978,2026-04-30 15:53:56,345.1008,0,52.0000,1,0.6352,Contribution Correction,Portal,0.6741,Standard,Contributions
C00989,2026-05-01 10:04:56,49.4212,1,52.0000,0,0.7019,Contribution Correction,Portal,0.2937,Standard,Contributions
C00688,2026-05-01 10:12:48,64.6471,1,52.0000,0,0.6856,Contribution Correction,Portal,0.3302,Standard,Contributions
C01131,2026-05-01 10:52:01,39.2638,1,52.0000,0,0.6819,Contribution Correction,Portal,0.4490,Standard,Contributions
C01066,2026-05-01 12:07:52,81.2822,1,39.0000,0,0.6293,Contribution Correction,Phone,0.2682,Urgent,Contributions
C00260,2026-05-01 12:41:10,293.7302,1,64.0000,1,0.6809,Retirement Quote,Post,0.4453,Standard,Benefits
C01043,2026-05-01 13:04:16,71.2088,1,52.0000,0,0.7146,Contribution Correction,Post,0.1722,Standard,Contributions
C00079,2026-05-01 14:44:10,338.2639,0,52.0000,0,0.6261,Contribution Correction,Post,0.5871,Standard,Contributions
C00609,2026-05-01 14:49:50,27.0611,1,64.0000,0,0.8328,Retirement Quote,Phone,0.3681,Standard,Benefits
C00927,2026-05-01 16:45:20,20.7612,1,52.0000,0,0.7315,Contribution Correction,Post,0.0840,Standard,Contributions
C00059,2026-05-04 09:00:00,94.6301,1,96.0000,0,0.7203,Transfer Out,Phone,0.5773,Standard,Transfers
C00170,2026-05-04 09:00:00,38.1949,1,96.0000,0,0.7177,Transfer Out,Portal,0.6954,Standard,Transfers
C00330,2026-05-04 09:00:00,50.5645,1,76.0000,0,0.5647,Complaint,Portal,0.7302,Standard,Complaints
C00536,2026-05-04 09:00:00,154.6954,1,52.0000,0,0.5232,Contribution Correction,Portal,0.1650,Standard,Contributions
C00598,2026-05-04 09:00:00,16.9416,1,64.0000,0,0.6757,Retirement Quote,Portal,0.7963,Standard,Benefits
C00674,2026-05-04 09:00:00,93.4437,1,64.0000,0,0.6406,Retirement Quote,Post,0.5643,Standard,Benefits
C00809,2026-05-04 09:00:00,73.4505,1,64.0000,0,0.8258,Retirement Quote,Portal,0.3181,Standard,Benefits
C00942,2026-05-04 09:00:00,144.0986,1,96.0000,0,0.7179,Transfer Out,Portal,0.4417,Standard,Transfers
C00965,2026-05-04 09:00:00,10.4233,1,57.0000,0,0.6165,Complaint,Portal,0.4085,Urgent,Complaints
C01041,2026-05-04 09:00:00,74.8130,1,96.0000,0,0.9301,Transfer Out,Portal,0.5301,Standard,Transfers
C01048,2026-05-04 09:00:00,128.3520,1,64.0000,1,0.8470,Retirement Quote,Portal,0.2428,Standard,Benefits
C01144,2026-05-04 09:00:00,4.8669,1,64.0000,0,0.6091,Retirement Quote,Portal,0.4172,Standard,Benefits
C01198,2026-05-04 09:00:00,49.3206,1,52.0000,0,0.7234,Contribution Correction,Portal,0.7324,Standard,Contributions
C01208,2026-05-04 09:00:00,99.0711,1,64.0000,0,0.6210,Retirement Quote,Post,0.0446,Standard,Benefits
C01358,2026-05-04 09:00:00,4.5432,1,128.0000,0,0.6408,Death Claim,Post,0.4345,Standard,Claims
C01384,2026-05-04 09:00:00,187.4173,1,128.0000,1,0.5588,Death Claim,Post,0.2819,Standard,Claims
C01427,2026-05-04 09:00:00,21.0139,1,57.0000,0,0.7247,Complaint,Post,0.3107,Urgent,Complaints
C01489,2026-05-04 09:00:00,20.4962,1,64.0000,0,0.4674,Retirement Quote,Post,0.4544,Standard,Benefits
C01499,2026-05-04 09:00:00,70.5474,1,64.0000,0,0.6501,Retirement Quote,Phone,0.5855,Standard,Benefits
C01363,2026-05-04 09:24:38,40.8045,1,96.0000,0,0.6626,Transfer Out,Portal,0.3891,Standard,Transfers
C00723,2026-05-04 09:53:47,103.5749,1,52.0000,0,0.7450,Contribution Correction,Phone,0.4663,Standard,Contributions
C00451,2026-05-04 11:02:58,20.0449,1,128.0000,0,0.8372,Death Claim,Post,0.4858,Standard,Claims
C01000,2026-05-04 12:58:32,36.4759,1,72.0000,0,0.6815,Transfer Out,Portal,0.6790,Urgent,Transfers
C00302,2026-05-04 13:41:19,92.0830,1,96.0000,1,0.6462,Transfer Out,Portal,0.1944,Standard,Transfers
C00651,2026-05-04 14:52:53,30.9640,1,64.0000,0,0.6197,Retirement Quote,Portal,0.6733,Standard,Benefits
C01411,2026-05-04 16:00:52,47.3924,1,96.0000,0,0.8536,Transfer Out,Portal,0.2890,Standard,Transfers
C00425,2026-05-05 09:41:21,57.7565,1,48.0000,0,0.6975,Retirement Quote,Portal,0.6134,Urgent,Benefits
C00746,2026-05-05 09:45:39,187.2966,1,64.0000,1,0.6552,Retirement Quote,Post,0.2941,Standard,Benefits
C00043,2026-05-05 09:51:22,202.5465,1,96.0000,0,0.9504,Transfer Out,Portal,0.4872,Standard,Transfers
C00163,2026-05-05 10:19:48,52.5963,1,96.0000,0,0.7420,Transfer Out,Phone,0.6947,Standard,Transfers
C00032,2026-05-05 10:31:44,129.9831,1,128.0000,0,0.6812,Death Claim,Post,0.1526,Standard,Claims
C01214,2026-05-05 11:35:56,180.9006,1,64.0000,0,0.7977,Retirement Quote,Portal,0.5204,Standard,Benefits
C00242,2026-05-05 11:55:17,44.1539,1,96.0000,0,0.7119,Transfer Out,Portal,0.7158,Standard,Transfers
C00210,2026-05-05 11:56:04,143.9154,1,96.0000,0,0.5360,Transfer Out,Portal,0.3419,Standard,Transfers
C00435,2026-05-05 14:58:43,61.2285,1,72.0000,1,0.6653,Transfer Out,Phone,0.6431,Urgent,Transfers
C00072,2026-05-06 11:29:24,55.7040,1,96.0000,0,0.6633,Transfer Out,Portal,0.3258,Standard,Transfers
C00887,2026-05-06 13:32:11,28.3820,1,128.0000,0,0.7462,Death Claim,Portal,0.3738,Standard,Claims
C00591,2026-05-06 13:35:04,14.7745,1,64.0000,0,0.7079,Retirement Quote,Post,0.5426,Standard,Benefits
C00929,2026-05-06 14:15:23,100.4962,1,57.0000,1,0.6282,Complaint,Post,0.3917,Urgent,Complaints
C00981,2026-05-06 14:24:09,187.9049,1,64.0000,0,0.7025,Retirement Quote,Portal,0.2987,Standard,Benefits
C01473,2026-05-06 15:28:54,313.5182,0,96.0000,1,0.6805,Transfer Out,Portal,0.6118,Standard,Transfers
C00951,2026-05-06 16:08:33,76.8464,1,39.0000,0,0.7113,Contribution Correction,Portal,0.8278,Urgent,Contributions
C00295,2026-05-06 16:19:15,312.6791,0,64.0000,1,0.7274,Retirement Quote,Post,0.5462,Standard,Benefits
C01007,2026-05-06 16:59:19,312.0112,0,64.0000,1,0.6316,Retirement Quote,Post,0.1853,Standard,Benefits
C00080,2026-05-07 11:58:23,38.3093,1,52.0000,0,0.4796,Contribution Correction,Phone,0.6096,Standard,Contributions
C00351,2026-05-07 12:08:02,5.7728,1,64.0000,0,0.6030,Retirement Quote,Post,0.2264,Standard,Benefits
C00909,2026-05-07 13:34:08,37.5499,1,96.0000,0,0.6702,Transfer Out,Portal,0.3952,Standard,Transfers
C00975,2026-05-07 13:47:29,48.2190,1,96.0000,0,0.5884,Transfer Out,Post,0.5341,Standard,Transfers
C00448,2026-05-07 14:31:49,249.1970,1,76.0000,1,0.8881,Complaint,Portal,0.1281,Standard,Complaints
C00006,2026-05-07 14:46:43,44.8865,1,64.0000,0,0.5858,Retirement Quote,Portal,0.5452,Standard,Benefits
C00656,2026-05-07 14:51:15,83.9845,1,52.0000,0,0.5172,Contribution Correction,Portal,0.2671,Standard,Contributions
C00464,2026-05-07 15:11:59,105.4581,1,52.0000,0,0.7192,Contribution Correction,Post,0.5961,Standard,Contributions
C00150,2026-05-08 11:37:48,88.4121,1,48.0000,0,0.6793,Retirement Quote,Post,0.6235,Urgent,Benefits
C00625,2026-05-08 12:11:49,300.8028,0,76.0000,1,0.6829,Complaint,Post,0.3869,Standard,Complaints
C00238,2026-05-08 13:50:53,45.0657,1,48.0000,0,0.6451,Retirement Quote,Portal,0.6631,Urgent,Benefits
C01166,2026-05-08 13:51:10,197.0958,1,64.0000,0,0.6730,Retirement Quote,Phone,0.8583,Standard,Benefits
C00424,2026-05-08 14:45:09,59.7490,1,64.0000,0,0.7094,Retirement Quote,Post,0.2178,Standard,Benefits
C00701,2026-05-08 15:56:24,69.6891,1,128.0000,0,0.6169,Death Claim,Portal,0.4236,Standard,Claims
C00885,2026-05-08 16:46:27,11.0617,1,128.0000,0,0.7409,Death Claim,Portal,0.7822,Standard,Claims
C00023,2026-05-11 09:00:00,5.0001,1,64.0000,0,0.5943,Retirement Quote,Portal,0.6136,Standard,Benefits
C00050,2026-05-11 09:00:00,3.8978,1,72.0000,0,0.6922,Transfer Out,Phone,0.1199,Urgent,Transfers
C00130,2026-05-11 09:00:00,296.0000,0,128.0000,1,0.7445,Death Claim,Portal,0.8389,Standard,Claims
C00160,2026-05-11 09:00:00,94.9372,1,52.0000,1,0.6264,Contribution Correction,Portal,0.1085,Standard,Contributions
C00215,2026-05-11 09:00:00,6.0590,1,64.0000,0,0.6702,Retirement Quote,Portal,0.4752,Standard,Benefits
C00300,2026-05-11 09:00:00,20.8446,1,96.0000,0,0.6629,Death Claim,Portal,0.0743,Urgent,Claims
C00311,2026-05-11 09:00:00,107.4171,1,57.0000,0,0.4720,Complaint,Phone,0.5663,Urgent,Complaints
C00433,2026-05-11 09:00:00,37.9009,1,39.0000,0,0.6810,Contribution Correction,Phone,0.6238,Urgent,Contributions
C00611,2026-05-11 09:00:00,90.8092,1,64.0000,0,0.5498,Retirement Quote,Portal,0.2350,Standard,Benefits
C00655,2026-05-11 09:00:00,5.7373,1,52.0000,0,0.6388,Contribution Correction,Post,0.1578,Standard,Contributions
C00669,2026-05-11 09:00:00,45.4546,1,48.0000,0,0.7005,Retirement Quote,Portal,0.2022,Urgent,Benefits
C00852,2026-05-11 09:00:00,32.7982,1,64.0000,0,0.6369,Retirement Quote,Portal,0.6391,Standard,Benefits
C00987,2026-05-11 09:00:00,99.4589,1,64.0000,0,0.5218,Retirement Quote,Post,0.5815,Standard,Benefits
C01024,2026-05-11 09:00:00,79.0056,1,52.0000,0,0.7070,Contribution Correction,Post,0.5813,Standard,Contributions
C01148,2026-05-11 09:00:00,296.0000,0,96.0000,1,0.7083,Transfer Out,Phone,0.3451,Standard,Transfers
C01279,2026-05-11 09:00:00,296.0000,0,72.0000,1,0.6659,Transfer Out,Post,0.5717,Urgent,Transfers
C01303,2026-05-11 09:00:00,27.9099,1,72.0000,0,0.6883,Transfer Out,Portal,0.2266,Urgent,Transfers
C01318,2026-05-11 09:00:00,35.3288,1,64.0000,0,0.5987,Retirement Quote,Portal,0.7724,Standard,Benefits
C01354,2026-05-11 09:00:00,120.3823,1,64.0000,0,0.7162,Retirement Quote,Portal,0.2707,Standard,Benefits
C01459,2026-05-11 09:00:00,20.7335,1,64.0000,0,0.6787,Retirement Quote,Phone,0.2733,Standard,Benefits
C00121,2026-05-11 09:27:42,291.7140,1,96.0000,1,0.7259,Transfer Out,Portal,0.2134,Standard,Transfers
C01119,2026-05-11 09:34:38,69.7476,1,64.0000,0,0.6894,Retirement Quote,Portal,0.6698,Standard,Benefits
C01391,2026-05-11 10:08:33,4.1353,1,64.0000,0,0.6266,Retirement Quote,Phone,0.3492,Standard,Benefits
C01107,2026-05-11 10:08:52,42.8665,1,52.0000,0,0.7853,Contribution Correction,Portal,0.3914,Standard,Contributions
C00634,2026-05-11 11:57:18,12.1888,1,52.0000,0,0.7372,Contribution Correction,Phone,0.1173,Standard,Contributions
C00937,2026-05-11 12:38:58,18.4923,1,96.0000,0,0.6273,Transfer Out,Portal,0.0788,Standard,Transfers
C00664,2026-05-11 13:09:24,119.2322,1,64.0000,0,0.4603,Retirement Quote,Post,0.2929,Standard,Benefits
C00185,2026-05-11 13:13:11,183.6736,1,96.0000,1,0.7062,Death Claim,Portal,0.6682,Urgent,Claims
C00731,2026-05-11 14:36:41,25.3431,1,96.0000,0,0.6585,Transfer Out,Phone,0.3830,Standard,Transfers
C00851,2026-05-11 14:56:37,54.8273,1,76.0000,0,0.8021,Complaint,Portal,0.5472,Standard,Complaints
C00120,2026-05-12 09:14:17,287.7618,0,96.0000,1,0.5279,Transfer Out,Phone,0.5622,Standard,Transfers
C00522,2026-05-12 09:38:25,21.1616,1,48.0000,0,0.6331,Retirement Quote,Portal,0.4705,Urgent,Benefits
C01254,2026-05-12 12:10:43,6.6580,1,39.0000,0,0.6709,Contribution Correction,Portal,0.4015,Urgent,Contributions
C01482,2026-05-12 13:33:37,283.4396,0,96.0000,1,0.6744,Transfer Out,Post,0.6851,Standard,Transfers
C00081,2026-05-12 13:41:28,25.7963,1,39.0000,0,0.7541,Contribution Correction,Phone,0.1463,Urgent,Contributions
C00919,2026-05-12 13:45:17,283.2453,0,52.0000,1,0.8547,Contribution Correction,Portal,0.3365,Standard,Contributions
C00071,2026-05-12 13:46:42,15.0092,1,72.0000,0,0.7250,Transfer Out,Portal,0.6811,Urgent,Transfers
C01436,2026-05-12 14:01:18,86.0655,1,128.0000,0,0.7373,Death Claim,Portal,0.2479,Standard,Claims
C00018,2026-05-12 14:13:58,80.1875,1,48.0000,1,0.7342,Retirement Quote,Post,0.0936,Urgent,Benefits
C00234,2026-05-12 14:48:26,15.6103,1,76.0000,0,0.6734,Complaint,Portal,0.3219,Standard,Complaints
C01443,2026-05-12 15:15:15,113.2269,1,52.0000,0,0.6575,Contribution Correction,Portal,0.3917,Standard,Contributions
C00500,2026-05-13 10:52:27,164.6385,1,64.0000,1,0.7230,Retirement Quote,Portal,0.4949,Standard,Benefits
C01178,2026-05-13 10:53:20,278.1109,0,96.0000,1,0.7953,Transfer Out,Phone,0.4790,Standard,Transfers
C01124,2026-05-13 12:06:09,276.8973,0,128.0000,1,0.8764,Death Claim,Post,0.4055,Standard,Claims
C00010,2026-05-13 13:20:55,112.2712,1,72.0000,1,0.5974,Transfer Out,Post,0.4132,Urgent,Transfers
C01490,2026-05-13 13:55:37,67.5128,1,48.0000,0,0.6618,Retirement Quote,Post,0.2691,Urgent,Benefits
C00738,2026-05-13 14:20:34,161.3532,1,64.0000,1,0.7333,Retirement Quote,Portal,0.5466,Standard,Benefits
C00105,2026-05-13 14:59:31,35.5599,1,64.0000,0,0.6167,Retirement Quote,Portal,0.3600,Standard,Benefits
C00933,2026-05-13 15:47:50,28.4294,1,57.0000,0,0.6433,Complaint,Phone,0.2414,Urgent,Complaints
C00647,2026-05-13 16:01:29,18.5951,1,39.0000,0,0.6164,Contribution Correction,Post,0.6861,Urgent,Contributions
C01298,2026-05-13 16:41:27,95.6856,1,96.0000,0,0.6322,Transfer Out,Portal,0.4229,Standard,Transfers
C00296,2026-05-14 09:30:07,271.4978,0,64.0000,1,0.5908,Retirement Quote,Post,0.6576,Standard,Benefits
C00705,2026-05-14 09:39:46,18.1090,1,128.0000,1,0.5699,Death Claim,Phone,0.1976,Standard,Claims
C01435,2026-05-14 09:40:56,214.6132,1,76.0000,0,0.6793,Complaint,Post,0.3232,Standard,Complaints
C00046,2026-05-14 10:31:03,91.9279,1,72.0000,1,0.8317,Transfer Out,Portal,0.3683,Urgent,Transfers
C00482,2026-05-14 11:11:37,157.5482,1,128.0000,0,0.5133,Death Claim,Phone,0.5983,Standard,Claims
C00626,2026-05-14 11:46:33,17.2236,1,64.0000,0,0.7403,Retirement Quote,Phone,0.5019,Standard,Benefits
C01357,2026-05-14 13:04:15,9.2582,1,76.0000,0,0.6424,Complaint,Portal,0.5565,Standard,Complaints
C01284,2026-05-14 13:34:32,267.4243,0,64.0000,1,0.5963,Retirement Quote,Post,0.2516,Standard,Benefits
C01196,2026-05-14 16:17:11,252.4657,1,52.0000,0,0.6720,Contribution Correction,Portal,0.7475,Standard,Contributions
C01399,2026-05-14 16:52:19,14.3461,1,96.0000,0,0.6905,Transfer Out,Phone,0.1117,Standard,Transfers
C00595,2026-05-15 09:05:32,48.4425,1,48.0000,0,0.5658,Retirement Quote,Portal,0.5825,Urgent,Benefits
C00999,2026-05-15 09:14:48,34.9956,1,52.0000,0,0.5773,Contribution Correction,Phone,0.3348,Standard,Contributions
C01112,2026-05-15 10:04:04,84.1900,1,52.0000,0,0.6801,Contribution Correction,Post,0.1941,Standard,Contributions
C00299,2026-05-15 10:35:52,150.0997,1,48.0000,1,0.8387,Retirement Quote,Portal,0.2100,Urgent,Benefits
C00694,2026-05-15 10:38:46,61.1638,1,52.0000,0,0.5725,Contribution Correction,Portal,0.0840,Standard,Contributions
C00410,2026-05-15 12:10:49,34.5395,1,64.0000,1,0.7121,Retirement Quote,Post,0.3416,Standard,Benefits
C00837,2026-05-15 13:46:04,23.1467,1,96.0000,0,0.7426,Transfer Out,Post,0.4754,Standard,Transfers
C00970,2026-05-15 14:23:50,49.0093,1,39.0000,0,0.7579,Contribution Correction,Post,0.3752,Urgent,Contributions
C00315,2026-05-18 09:00:00,256.0000,0,48.0000,1,0.7612,Retirement Quote,Post,0.6053,Urgent,Benefits
C00338,2026-05-18 09:00:00,27.1085,1,64.0000,0,0.7410,Retirement Quote,Post,0.7139,Standard,Benefits
C00523,2026-05-18 09:00:00,41.5535,1,39.0000,0,0.5459,Contribution Correction,Portal,0.2940,Urgent,Contributions
C00773,2026-05-18 09:00:00,30.0505,1,76.0000,0,0.6852,Complaint,Portal,0.4184,Standard,Complaints
C00803,2026-05-18 09:00:00,208.4913,1,96.0000,1,0.6927,Transfer Out,Portal,0.4060,Standard,Transfers
C00823,2026-05-18 09:00:00,227.4010,1,72.0000,1,0.5937,Transfer Out,Phone,0.7057,Urgent,Transfers
C00948,2026-05-18 09:00:00,175.6592,1,64.0000,0,0.7690,Retirement Quote,Portal,0.1433,Standard,Benefits
C00993,2026-05-18 09:00:00,142.3483,1,76.0000,0,0.6361,Complaint,Portal,0.5203,Standard,Complaints
C01026,2026-05-18 09:00:00,114.4947,1,64.0000,1,0.7216,Retirement Quote,Post,0.5783,Standard,Benefits
C01033,2026-05-18 09:00:00,124.5998,1,64.0000,1,0.6184,Retirement Quote,Portal,0.4923,Standard,Benefits
C01077,2026-05-18 09:00:00,69.8465,1,96.0000,0,0.7159,Death Claim,Phone,0.2399,Urgent,Claims
C01082,2026-05-18 09:00:00,224.6084,1,48.0000,1,0.4330,Retirement Quote,Portal,0.6447,Urgent,Benefits
C01172,2026-05-18 09:00:00,256.0000,0,96.0000,1,0.6709,Transfer Out,Phone,0.1526,Standard,Transfers
C01307,2026-05-18 09:00:00,35.3680,1,48.0000,0,0.6454,Retirement Quote,Post,0.2025,Urgent,Benefits
C01362,2026-05-18 09:00:00,14.3537,1,52.0000,0,0.7494,Contribution Correction,Post,0.2020,Standard,Contributions
C01389,2026-05-18 09:00:00,14.8374,1,48.0000,0,0.6484,Retirement Quote,Portal,0.0983,Urgent,Benefits
C01409,2026-05-18 09:00:00,256.0000,0,64.0000,1,0.6132,Retirement Quote,Post,0.3501,Standard,Benefits
C00208,2026-05-18 09:58:29,44.7674,1,64.0000,0,0.6308,Retirement Quote,Portal,0.2662,Standard,Benefits
C00707,2026-05-18 10:27:53,170.8677,1,52.0000,0,0.6353,Contribution Correction,Phone,0.6211,Standard,Contributions
C00721,2026-05-18 11:08:23,60.9825,1,72.0000,1,0.5985,Transfer Out,Phone,0.9551,Urgent,Transfers
C00767,2026-05-18 11:40:55,39.5740,1,48.0000,0,0.6805,Retirement Quote,Portal,0.2011,Urgent,Benefits
C01213,2026-05-18 12:49:54,45.1738,1,96.0000,1,0.8119,Death Claim,Portal,0.1384,Urgent,Claims
C00581,2026-05-18 13:44:52,45.5746,1,76.0000,1,0.6633,Complaint,Phone,0.3575,Standard,Complaints
C00808,2026-05-18 15:18:41,79.4749,1,64.0000,0,0.6718,Retirement Quote,Portal,0.2675,Standard,Benefits
C01408,2026-05-18 15:38:57,2.9940,1,39.0000,0,0.7462,Contribution Correction,Portal,0.4519,Urgent,Contributions
C00920,2026-05-18 16:05:23,64.1582,1,57.0000,0,0.7836,Complaint,Portal,0.7851,Urgent,Complaints
C00829,2026-05-19 09:50:05,24.7100,1,48.0000,0,0.7690,Retirement Quote,Portal,0.1280,Urgent,Benefits
C01289,2026-05-19 10:19:29,54.6501,1,64.0000,0,0.5692,Retirement Quote,Portal,0.3338,Standard,Benefits
C00411,2026-05-19 12:19:14,4.1475,1,72.0000,0,0.5655,Transfer Out,Portal,0.5731,Urgent,Transfers
C00197,2026-05-19 14:34:48,5.9460,1,64.0000,1,0.6317,Retirement Quote,Portal,0.6203,Standard,Benefits
C01092,2026-05-19 15:30:19,178.7744,1,72.0000,1,0.7306,Transfer Out,Portal,0.6807,Urgent,Transfers
C01188,2026-05-19 16:03:23,122.3702,1,64.0000,0,0.7348,Retirement Quote,Portal,0.5941,Standard,Benefits
C00165,2026-05-20 10:53:18,40.3243,1,128.0000,1,0.6753,Death Claim,Post,0.1718,Standard,Claims
C00968,2026-05-20 11:41:12,87.9842,1,64.0000,0,0.6793,Retirement Quote,Portal,0.8443,Standard,Benefits
C00438,2026-05-20 13:40:44,113.2254,1,48.0000,0,0.6550,Retirement Quote,Post,0.9433,Urgent,Benefits
C00966,2026-05-20 14:23:44,15.6738,1,64.0000,0,0.5086,Retirement Quote,Phone,0.6751,Standard,Benefits
C01352,2026-05-20 15:13:03,124.6930,1,64.0000,0,0.8697,Retirement Quote,Post,0.4366,Standard,Benefits
C00931,2026-05-20 16:26:40,135.8531,1,52.0000,0,0.4842,Contribution Correction,Post,0.2355,Standard,Contributions
C00538,2026-05-21 09:52:48,18.8761,1,96.0000,0,0.6949,Death Claim,Portal,0.2522,Urgent,Claims
C01072,2026-05-21 11:25:29,140.0308,1,76.0000,0,0.5726,Complaint,Post,0.3424,Standard,Complaints
C00327,2026-05-21 13:33:37,36.0128,1,64.0000,0,0.6435,Retirement Quote,Post,0.4267,Standard,Benefits
C01028,2026-05-21 13:47:58,42.8354,1,52.0000,1,0.5649,Contribution Correction,Post,0.2220,Standard,Contributions
C00055,2026-05-21 13:55:52,7.2640,1,96.0000,0,0.6503,Transfer Out,Post,0.1977,Standard,Transfers
C00459,2026-05-21 14:25:48,185.2414,1,128.0000,1,0.6131,Death Claim,Portal,0.4266,Standard,Claims
C00706,2026-05-21 16:50:17,6.1595,1,128.0000,0,0.7250,Death Claim,Portal,0.4160,Standard,Claims
C00322,2026-05-22 10:05:31,2.3914,1,48.0000,0,0.6692,Retirement Quote,Portal,0.4783,Urgent,Benefits
C00528,2026-05-22 10:10:04,33.2734,1,52.0000,0,0.8923,Contribution Correction,Portal,0.2707,Standard,Contributions
C01378,2026-05-22 12:41:56,94.0707,1,64.0000,0,0.6375,Retirement Quote,Post,0.5630,Standard,Benefits
C00904,2026-05-22 13:06:10,32.6891,1,57.0000,1,0.5576,Complaint,Post,0.6755,Urgent,Complaints
C01121,2026-05-22 13:57:08,42.5141,1,96.0000,1,0.9045,Transfer Out,Portal,0.6620,Standard,Transfers
C00255,2026-05-22 14:33:19,24.7524,1,52.0000,0,0.6259,Contribution Correction,Phone,0.6905,Standard,Contributions
C00709,2026-05-22 15:07:24,17.1798,1,76.0000,0,0.6281,Complaint,Phone,0.7880,Standard,Complaints
C00227,2026-05-22 15:20:01,63.5423,1,64.0000,0,0.6861,Retirement Quote,Post,0.2690,Standard,Benefits
C00002,2026-05-22 16:05:43,52.7662,1,64.0000,1,0.6127,Retirement Quote,Post,0.0889,Standard,Benefits
C00286,2026-05-22 16:19:47,27.1913,1,48.0000,1,0.6203,Retirement Quote,Phone,0.0193,Urgent,Benefits
C00086,2026-05-25 09:00:00,131.4432,1,76.0000,1,0.4972,Complaint,Portal,0.6733,Standard,Complaints
C00111,2026-05-25 09:00:00,96.1873,1,64.0000,0,0.6977,Retirement Quote,Portal,0.4505,Standard,Benefits
C00118,2026-05-25 09:00:00,13.4397,1,76.0000,1,0.5127,Complaint,Phone,0.2070,Standard,Complaints
C00264,2026-05-25 09:00:00,13.9786,1,128.0000,0,0.6520,Death Claim,Portal,0.4924,Standard,Claims
C00347,2026-05-25 09:00:00,176.4996,1,96.0000,1,0.7571,Death Claim,Portal,0.5686,Urgent,Claims
C00370,2026-05-25 09:00:00,34.9961,1,96.0000,0,0.6734,Transfer Out,Phone,0.4610,Standard,Transfers
C00429,2026-05-25 09:00:00,108.4738,1,39.0000,0,0.7957,Contribution Correction,Post,0.4775,Urgent,Contributions
C00513,2026-05-25 09:00:00,31.9922,1,96.0000,0,0.5396,Transfer Out,Phone,0.6855,Standard,Transfers
C00726,2026-05-25 09:00:00,216.0000,0,96.0000,1,0.7031,Transfer Out,Portal,0.2001,Standard,Transfers
C00775,2026-05-25 09:00:00,50.3526,1,52.0000,0,0.8203,Contribution Correction,Portal,0.2472,Standard,Contributions
C01125,2026-05-25 09:00:00,154.4111,1,72.0000,0,0.6344,Transfer Out,Post,0.1849,Urgent,Transfers
C01167,2026-05-25 09:00:00,50.0467,1,64.0000,0,0.5469,Retirement Quote,Portal,0.5667,Standard,Benefits
C01282,2026-05-25 09:00:00,188.1204,1,72.0000,0,0.6331,Transfer Out,Phone,0.6914,Urgent,Transfers
C01333,2026-05-25 09:00:00,216.0000,0,52.0000,1,0.6614,Contribution Correction,Post,0.5474,Standard,Contributions
C01430,2026-05-25 09:00:00,62.6908,1,52.0000,0,0.8334,Contribution Correction,Post,0.5889,Standard,Contributions
C01493,2026-05-25 09:00:00,64.1567,1,64.0000,0,0.7340,Retirement Quote,Portal,0.0833,Standard,Benefits
C01091,2026-05-25 10:31:25,69.1586,1,76.0000,0,0.6022,Complaint,Portal,0.2583,Standard,Complaints
C00101,2026-05-25 10:45:52,4.6138,1,57.0000,0,0.6989,Complaint,Portal,0.3319,Urgent,Complaints
C00418,2026-05-25 11:50:40,141.4603,1,76.0000,0,0.7330,Complaint,Portal,0.8771,Standard,Complaints
C01057,2026-05-25 13:12:10,12.5252,1,96.0000,1,0.6587,Death Claim,Portal,0.4686,Urgent,Claims
C00969,2026-05-25 14:31:04,110.4743,1,64.0000,0,0.6548,Retirement Quote,Portal,0.4254,Standard,Benefits
C00093,2026-05-25 14:33:06,23.4404,1,48.0000,0,0.6441,Retirement Quote,Portal,0.1160,Urgent,Benefits
C01173,2026-05-25 16:40:24,208.3266,0,64.0000,1,0.5344,Retirement Quote,Post,0.6659,Standard,Benefits
C00109,2026-05-26 09:40:20,30.6186,1,48.0000,1,0.4978,Retirement Quote,Portal,0.3892,Urgent,Benefits
C00585,2026-05-26 10:32:19,29.7431,1,72.0000,0,0.6071,Transfer Out,Portal,0.5024,Urgent,Transfers
C00604,2026-05-26 10:55:38,63.9116,1,52.0000,0,0.6588,Contribution Correction,Post,0.8174,Standard,Contributions
C00758,2026-05-26 12:57:21,27.6730,1,64.0000,0,0.6429,Retirement Quote,Phone,0.4465,Standard,Benefits
C00051,2026-05-26 13:00:08,100.5118,1,52.0000,0,0.6069,Contribution Correction,Post,0.7232,Standard,Contributions
C00416,2026-05-26 14:44:38,121.4148,1,64.0000,0,0.6945,Retirement Quote,Portal,0.2769,Standard,Benefits
C01326,2026-05-26 15:06:08,201.8976,0,96.0000,1,0.7157,Transfer Out,Post,0.3317,Standard,Transfers
C01020,2026-05-26 15:37:08,0.8203,1,72.0000,0,0.7285,Transfer Out,Portal,0.4915,Urgent,Transfers
C00053,2026-05-26 16:39:18,54.5484,1,52.0000,0,0.5350,Contribution Correction,Portal,0.4038,Standard,Contributions
C00930,2026-05-27 09:15:00,63.0184,1,64.0000,0,0.6201,Retirement Quote,Portal,0.0748,Standard,Benefits
C00686,2026-05-27 11:54:47,31.4642,1,96.0000,0,0.6630,Transfer Out,Portal,0.5508,Standard,Transfers
C00294,2026-05-27 13:41:47,169.1213,1,96.0000,0,0.6834,Death Claim,Post,0.9231,Urgent,Claims
C00090,2026-05-27 14:17:27,33.7471,1,64.0000,0,0.4933,Retirement Quote,Portal,0.6975,Standard,Benefits
C00184,2026-05-27 14:27:43,194.5378,0,128.0000,1,0.6667,Death Claim,Portal,0.3981,Standard,Claims
C01445,2026-05-27 14:57:30,69.4396,1,76.0000,0,0.6055,Complaint,Portal,0.3416,Standard,Complaints
C00042,2026-05-27 16:54:15,192.0958,0,96.0000,1,0.6418,Transfer Out,Post,0.4428,Standard,Transfers
C01328,2026-05-28 10:55:21,36.0809,1,96.0000,0,0.6603,Transfer Out,Post,0.2968,Standard,Transfers
C00167,2026-05-28 10:56:41,80.4096,1,76.0000,0,0.7121,Complaint,Portal,0.7445,Standard,Complaints
C01342,2026-05-28 12:05:49,49.1566,1,76.0000,0,0.6703,Complaint,Portal,0.2050,Standard,Complaints
C00005,2026-05-28 13:16:47,93.3428,1,72.0000,0,0.8540,Transfer Out,Post,0.5959,Urgent,Transfers
C00193,2026-05-28 13:57:52,187.0355,0,39.0000,1,0.6421,Contribution Correction,Post,0.4333,Urgent,Contributions
C00820,2026-05-28 14:19:10,186.6803,0,52.0000,0,0.7115,Contribution Correction,Post,0.2042,Standard,Contributions
C00956,2026-05-28 14:40:04,56.0067,1,64.0000,0,0.7409,Retirement Quote,Portal,0.2032,Standard,Benefits
C00230,2026-05-28 16:18:51,1.0490,1,96.0000,0,0.7851,Transfer Out,Post,0.2878,Standard,Transfers
C00025,2026-05-28 16:39:09,68.1283,1,64.0000,1,0.5604,Retirement Quote,Portal,0.3356,Standard,Benefits
C01390,2026-05-29 11:15:47,81.1432,1,64.0000,0,0.5052,Retirement Quote,Post,0.1523,Standard,Benefits
C01181,2026-05-29 12:33:08,180.4476,0,96.0000,1,0.6961,Transfer Out,Portal,0.2734,Standard,Transfers
C00159,2026-05-29 15:41:44,7.5123,1,64.0000,0,0.6862,Retirement Quote,Phone,0.2236,Standard,Benefits
C00151,2026-06-01 09:00:00,16.6447,1,39.0000,0,0.6337,Contribution Correction,Portal,0.4840,Urgent,Contributions
C00177,2026-06-01 09:00:00,62.2260,1,52.0000,0,0.5930,Contribution Correction,Portal,0.4875,Standard,Contributions
C00250,2026-06-01 09:00:00,176.0000,0,72.0000,1,0.7106,Transfer Out,Portal,0.5290,Urgent,Transfers
C00578,2026-06-01 09:00:00,176.0000,0,128.0000,0,0.6041,Death Claim,Phone,0.8785,Standard,Claims
C00781,2026-06-01 09:00:00,102.1607,1,64.0000,0,0.6903,Retirement Quote,Portal,0.6409,Standard,Benefits
C00898,2026-06-01 09:00:00,154.0397,1,64.0000,1,0.5003,Retirement Quote,Portal,0.3754,Standard,Benefits
C00899,2026-06-01 09:00:00,33.9602,1,96.0000,1,0.5186,Transfer Out,Portal,0.3876,Standard,Transfers
C01123,2026-06-01 09:00:00,90.1764,1,96.0000,0,0.6173,Transfer Out,Portal,0.4574,Standard,Transfers
C01180,2026-06-01 09:00:00,39.7000,1,128.0000,0,0.5485,Death Claim,Post,0.0640,Standard,Claims
C01205,2026-06-01 09:00:00,96.1913,1,96.0000,1,0.6622,Death Claim,Portal,0.1382,Urgent,Claims
C01286,2026-06-01 09:00:00,24.3462,1,39.0000,0,0.4815,Contribution Correction,Phone,0.0772,Urgent,Contributions
C01392,2026-06-01 09:00:00,100.0438,1,72.0000,1,0.6193,Transfer Out,Phone,0.3708,Urgent,Transfers
C01477,2026-06-01 09:00:00,176.0000,0,39.0000,1,0.7323,Contribution Correction,Phone,0.2677,Urgent,Contributions
C01370,2026-06-01 10:15:37,34.0029,1,96.0000,0,0.6461,Transfer Out,Portal,0.5410,Standard,Transfers
C01317,2026-06-01 10:46:37,119.6994,1,96.0000,1,0.5594,Transfer Out,Portal,0.2339,Standard,Transfers
C00085,2026-06-01 15:23:00,36.4964,1,64.0000,0,0.6049,Retirement Quote,Phone,0.1489,Standard,Benefits
C00782,2026-06-01 16:00:44,11.0556,1,72.0000,0,0.7863,Transfer Out,Portal,0.6076,Urgent,Transfers
C00387,2026-06-02 09:12:04,25.9843,1,96.0000,0,0.4665,Transfer Out,Portal,0.4844,Standard,Transfers
C00678,2026-06-02 09:15:22,121.1946,1,64.0000,0,0.6464,Retirement Quote,Post,0.5636,Standard,Benefits
C00757,2026-06-02 09:34:11,70.3615,1,52.0000,0,0.7163,Contribution Correction,Phone,0.4615,Standard,Contributions
C01368,2026-06-02 09:35:48,167.4033,0,96.0000,1,0.7303,Transfer Out,Portal,0.4070,Standard,Transfers
C00461,2026-06-02 11:33:35,33.6816,1,96.0000,0,0.7753,Transfer Out,Post,0.4511,Standard,Transfers
C00542,2026-06-02 12:01:03,164.9824,0,76.0000,1,0.5881,Complaint,Post,0.4917,Standard,Complaints
C00586,2026-06-02 13:59:50,65.9136,1,76.0000,0,0.6237,Complaint,Post,0.0522,Standard,Complaints
C00928,2026-06-02 14:01:45,92.2748,1,96.0000,0,0.5375,Death Claim,Post,0.3697,Urgent,Claims
C01032,2026-06-02 14:20:40,53.8764,1,39.0000,0,0.7363,Contribution Correction,Post,0.6055,Urgent,Contributions
C00075,2026-06-02 14:28:57,14.8298,1,96.0000,1,0.6121,Transfer Out,Portal,0.3916,Standard,Transfers
C01197,2026-06-02 16:41:20,90.6499,1,64.0000,0,0.7776,Retirement Quote,Post,0.3979,Standard,Benefits
C01006,2026-06-03 09:12:00,27.5448,1,48.0000,0,0.6679,Retirement Quote,Phone,0.0205,Urgent,Benefits
C00722,2026-06-03 09:25:50,29.2666,1,64.0000,0,0.4360,Retirement Quote,Phone,0.3932,Standard,Benefits
C00843,2026-06-03 11:40:41,0.0947,1,52.0000,0,0.7046,Contribution Correction,Post,0.2612,Standard,Contributions
C00389,2026-06-03 11:51:51,70.7838,1,57.0000,1,0.7185,Complaint,Post,0.6411,Urgent,Complaints
C00859,2026-06-03 13:06:11,48.0465,1,72.0000,1,0.5151,Transfer Out,Phone,0.3438,Urgent,Transfers
C00408,2026-06-03 13:28:49,26.6156,1,52.0000,0,0.6574,Contribution Correction,Phone,0.4384,Standard,Contributions
C00492,2026-06-03 13:41:37,155.3064,0,52.0000,0,0.8717,Contribution Correction,Post,0.7728,Standard,Contributions
C01217,2026-06-03 14:24:05,143.7018,1,96.0000,1,0.4940,Transfer Out,Post,0.3013,Standard,Transfers
C01275,2026-06-03 14:27:11,97.3027,1,72.0000,0,0.4744,Transfer Out,Phone,0.7301,Urgent,Transfers
C01010,2026-06-03 16:42:44,42.8467,1,128.0000,0,0.5480,Death Claim,Post,0.3196,Standard,Claims
C00756,2026-06-03 16:52:22,99.3746,1,64.0000,0,0.5336,Retirement Quote,Portal,0.4528,Standard,Benefits
C01498,2026-06-04 09:53:13,54.3797,1,52.0000,0,0.6978,Contribution Correction,Post,0.4308,Standard,Contributions
C00336,2026-06-04 10:06:38,76.5737,1,64.0000,0,0.7117,Retirement Quote,Post,0.6419,Standard,Benefits
C00901,2026-06-04 11:04:00,9.1462,1,64.0000,0,0.6227,Retirement Quote,Portal,0.7842,Standard,Benefits
C00356,2026-06-04 12:10:02,117.2983,1,57.0000,0,0.6802,Complaint,Post,0.4124,Urgent,Complaints
C00744,2026-06-04 12:29:00,63.4465,1,72.0000,0,0.6294,Transfer Out,Portal,0.6160,Urgent,Transfers
C01236,2026-06-04 12:45:51,14.0907,1,76.0000,1,0.5908,Complaint,Portal,0.1680,Standard,Complaints
C01385,2026-06-04 13:09:58,33.0839,1,48.0000,0,0.5900,Retirement Quote,Portal,0.1692,Urgent,Benefits
C01151,2026-06-04 13:43:39,63.8400,1,64.0000,0,0.7043,Retirement Quote,Portal,0.3329,Standard,Benefits
C00248,2026-06-04 15:39:54,15.5178,1,64.0000,0,0.6635,Retirement Quote,Portal,0.3048,Standard,Benefits
C00786,2026-06-04 15:59:54,70.6232,1,64.0000,1,0.5581,Retirement Quote,Portal,0.3171,Standard,Benefits
C01200,2026-06-05 09:15:16,106.6569,1,52.0000,0,0.6079,Contribution Correction,Phone,0.6855,Standard,Contributions
C01222,2026-06-05 09:38:17,46.4050,1,52.0000,0,0.5572,Contribution Correction,Phone,0.3677,Standard,Contributions
C00668,2026-06-05 11:48:21,71.5350,1,39.0000,1,0.5128,Contribution Correction,Post,0.5060,Urgent,Contributions
C00125,2026-06-05 11:49:53,29.8239,1,96.0000,0,0.5514,Transfer Out,Phone,0.2869,Standard,Transfers
C00233,2026-06-05 11:51:47,44.8578,1,76.0000,0,0.6269,Complaint,Portal,0.2369,Standard,Complaints
C00190,2026-06-05 13:45:45,33.8182,1,48.0000,0,0.6038,Retirement Quote,Portal,0.5652,Urgent,Benefits
C01401,2026-06-05 16:43:54,79.0043,1,96.0000,1,0.6730,Transfer Out,Portal,0.6704,Standard,Transfers
C00066,2026-06-08 09:00:00,14.0635,1,52.0000,0,0.6683,Contribution Correction,Post,0.4648,Standard,Contributions
C00115,2026-06-08 09:00:00,136.0000,0,64.0000,1,0.5053,Retirement Quote,Post,0.4817,Standard,Benefits
C00148,2026-06-08 09:00:00,136.0000,0,76.0000,1,0.6195,Complaint,Phone,0.4676,Standard,Complaints
C00319,2026-06-08 09:00:00,14.1436,1,128.0000,0,0.7362,Death Claim,Post,0.4743,Standard,Claims
C00398,2026-06-08 09:00:00,136.0000,0,64.0000,1,0.4773,Retirement Quote,Post,0.4585,Standard,Benefits
C00399,2026-06-08 09:00:00,104.6750,1,96.0000,0,0.6759,Transfer Out,Portal,0.2180,Standard,Transfers
C00518,2026-06-08 09:00:00,105.8859,1,48.0000,0,0.6020,Retirement Quote,Portal,0.6668,Urgent,Benefits
C00547,2026-06-08 09:00:00,15.8667,1,57.0000,0,0.5415,Complaint,Phone,0.3259,Urgent,Complaints
C00615,2026-06-08 09:00:00,136.0000,0,64.0000,1,0.6153,Retirement Quote,Post,0.6497,Standard,Benefits
C00652,2026-06-08 09:00:00,136.0000,0,96.0000,1,0.5315,Transfer Out,Post,0.1075,Standard,Transfers
C00825,2026-06-08 09:00:00,136.0000,0,76.0000,1,0.5637,Complaint,Post,0.2259,Standard,Complaints
C00842,2026-06-08 09:00:00,9.3606,1,96.0000,0,0.6058,Death Claim,Post,0.2777,Urgent,Claims
C00862,2026-06-08 09:00:00,136.0000,0,52.0000,1,0.7526,Contribution Correction,Post,0.7386,Standard,Contributions
C00863,2026-06-08 09:00:00,136.0000,0,64.0000,1,0.6409,Retirement Quote,Portal,0.5163,Standard,Benefits
C01061,2026-06-08 09:00:00,38.4461,1,48.0000,0,0.5960,Retirement Quote,Portal,0.7367,Urgent,Benefits
C01190,2026-06-08 09:00:00,2.7618,1,52.0000,0,0.5714,Contribution Correction,Post,0.2829,Standard,Contributions
C01444,2026-06-08 09:00:00,15.2375,1,96.0000,0,0.7954,Transfer Out,Phone,0.2992,Standard,Transfers
C01453,2026-06-08 09:00:00,9.4732,1,96.0000,0,0.6290,Transfer Out,Portal,0.5024,Standard,Transfers
C01029,2026-06-08 11:19:51,1.0204,1,52.0000,0,0.4263,Contribution Correction,Phone,0.1372,Standard,Contributions
C01481,2026-06-08 13:13:15,13.0631,1,128.0000,1,0.5931,Death Claim,Phone,0.1026,Standard,Claims
C00849,2026-06-08 16:17:51,128.7024,0,128.0000,0,0.6106,Death Claim,Post,0.4505,Standard,Claims
C01407,2026-06-09 09:09:08,56.5976,1,48.0000,0,0.4786,Retirement Quote,Phone,0.4631,Urgent,Benefits
C01261,2026-06-09 09:17:46,109.5331,1,76.0000,1,0.5723,Complaint,Portal,0.0760,Standard,Complaints
C00903,2026-06-09 09:57:39,2.8535,1,64.0000,0,0.5932,Retirement Quote,Phone,0.5029,Standard,Benefits
C01394,2026-06-09 09:58:00,127.0332,0,52.0000,0,0.6739,Contribution Correction,Portal,0.5200,Standard,Contributions
C00524,2026-06-09 11:43:33,125.2740,0,52.0000,1,0.6170,Contribution Correction,Phone,0.5666,Standard,Contributions
C00149,2026-06-09 12:35:42,35.1253,1,96.0000,0,0.5905,Transfer Out,Post,0.2018,Standard,Transfers
C01086,2026-06-09 12:37:50,83.6417,1,39.0000,0,0.7485,Contribution Correction,Post,0.3077,Urgent,Contributions
C00569,2026-06-09 12:42:10,124.2971,0,96.0000,1,0.5547,Transfer Out,Portal,0.2401,Standard,Transfers
C00568,2026-06-09 14:02:07,112.4214,1,96.0000,0,0.7445,Transfer Out,Portal,0.4820,Standard,Transfers
C00441,2026-06-09 14:58:28,1.9841,1,96.0000,0,0.5898,Transfer Out,Portal,0.1181,Standard,Transfers
C00509,2026-06-09 15:07:58,14.9700,1,48.0000,1,0.6056,Retirement Quote,Portal,0.6830,Urgent,Benefits
C00146,2026-06-09 15:47:12,121.2131,0,96.0000,1,0.6102,Transfer Out,Portal,0.4222,Standard,Transfers
C01316,2026-06-10 09:00:49,15.5539,1,48.0000,0,0.7278,Retirement Quote,Portal,0.4601,Urgent,Benefits
C00727,2026-06-10 12:04:25,116.9261,0,39.0000,1,0.5138,Contribution Correction,Portal,0.3870,Urgent,Contributions
C01087,2026-06-10 13:23:20,3.2920,1,76.0000,0,0.4802,Complaint,Post,0.2793,Standard,Complaints
C01209,2026-06-10 14:19:43,6.6311,1,39.0000,0,0.5231,Contribution Correction,Post,0.4370,Urgent,Contributions
C00309,2026-06-10 14:30:25,95.3888,1,96.0000,1,0.6425,Transfer Out,Phone,0.3120,Standard,Transfers
C00191,2026-06-10 15:21:34,113.6404,0,76.0000,1,0.5292,Complaint,Post,0.4475,Standard,Complaints
C00657,2026-06-10 15:41:08,10.7081,1,64.0000,0,0.5027,Retirement Quote,Portal,0.4917,Standard,Benefits
C00764,2026-06-10 15:58:24,8.4047,1,64.0000,0,0.6873,Retirement Quote,Phone,0.8280,Standard,Benefits
C00858,2026-06-10 16:49:25,112.1762,0,128.0000,1,0.5943,Death Claim,Portal,0.4587,Standard,Claims
C01346,2026-06-11 09:13:21,111.7773,0,64.0000,0,0.6795,Retirement Quote,Post,0.4026,Standard,Benefits
C00380,2026-06-11 09:18:10,111.6971,0,48.0000,1,0.5892,Retirement Quote,Phone,0.4282,Urgent,Benefits
C01462,2026-06-11 10:18:36,38.4546,1,52.0000,0,0.5739,Contribution Correction,Post,0.3175,Standard,Contributions
C01104,2026-06-11 11:53:29,79.8931,1,64.0000,0,0.6674,Retirement Quote,Portal,0.3419,Standard,Benefits
C01432,2026-06-11 11:57:48,48.8504,1,64.0000,0,0.5375,Retirement Quote,Portal,0.3425,Standard,Benefits
C01075,2026-06-11 12:19:35,108.6735,0,64.0000,1,0.6074,Retirement Quote,Post,0.4007,Standard,Benefits
C01143,2026-06-11 13:06:25,25.0362,1,52.0000,0,0.6006,Contribution Correction,Portal,0.2381,Standard,Contributions
C00716,2026-06-11 13:33:32,107.4410,0,128.0000,1,0.5714,Death Claim,Portal,0.5926,Standard,Claims
C00630,2026-06-11 15:37:49,38.9850,1,64.0000,0,0.5265,Retirement Quote,Portal,0.4052,Standard,Benefits
C00954,2026-06-11 16:58:36,104.0233,0,52.0000,1,0.6959,Contribution Correction,Phone,0.6581,Standard,Contributions
C00179,2026-06-12 09:38:35,60.6181,1,96.0000,1,0.6302,Transfer Out,Portal,0.4094,Standard,Transfers
C00283,2026-06-12 12:55:29,77.5627,1,76.0000,0,0.8178,Complaint,Post,0.2029,Standard,Complaints
C00690,2026-06-12 13:54:00,31.0848,1,96.0000,0,0.5181,Transfer Out,Post,0.6188,Standard,Transfers
C01466,2026-06-12 13:56:31,18.9458,1,64.0000,0,0.6081,Retirement Quote,Portal,0.3785,Standard,Benefits
C01095,2026-06-12 14:01:59,98.9669,0,64.0000,0,0.7534,Retirement Quote,Portal,0.6197,Standard,Benefits
C01186,2026-06-12 16:12:05,96.7985,0,64.0000,1,0.5681,Retirement Quote,Phone,0.4954,Standard,Benefits
C00895,2026-06-12 16:14:53,12.1656,1,48.0000,0,0.5354,Retirement Quote,Portal,0.3926,Urgent,Benefits
C00013,2026-06-15 09:00:00,46.4314,1,64.0000,0,0.6066,Retirement Quote,Phone,0.3169,Standard,Benefits
C00058,2026-06-15 09:00:00,96.0000,0,96.0000,1,0.5045,Transfer Out,Portal,0.3960,Standard,Transfers
C00186,2026-06-15 09:00:00,96.0000,0,52.0000,1,0.6647,Contribution Correction,Portal,0.2154,Standard,Contributions
C00298,2026-06-15 09:00:00,96.0000,0,64.0000,0,0.6694,Retirement Quote,Portal,0.2998,Standard,Benefits
C00419,2026-06-15 09:00:00,34.9369,1,64.0000,0,0.5077,Retirement Quote,Phone,0.1772,Standard,Benefits
C00497,2026-06-15 09:00:00,96.0000,0,64.0000,0,0.5437,Retirement Quote,Post,0.4494,Standard,Benefits
C00658,2026-06-15 09:00:00,21.6604,1,64.0000,0,0.5698,Retirement Quote,Phone,0.0654,Standard,Benefits
C00861,2026-06-15 09:00:00,95.1439,1,52.0000,0,0.5697,Contribution Correction,Post,0.6833,Standard,Contributions
C00944,2026-06-15 09:00:00,96.0000,0,96.0000,1,0.5769,Death Claim,Post,0.7820,Urgent,Claims
C00971,2026-06-15 09:00:00,58.0688,1,64.0000,0,0.5189,Retirement Quote,Portal,0.4219,Standard,Benefits
C00988,2026-06-15 09:00:00,96.0000,0,64.0000,1,0.5257,Retirement Quote,Post,0.5214,Standard,Benefits
C01219,2026-06-15 09:00:00,90.2046,1,128.0000,0,0.7602,Death Claim,Phone,0.7317,Standard,Claims
C01256,2026-06-15 09:00:00,4.0224,1,128.0000,0,0.5463,Death Claim,Portal,0.3997,Standard,Claims
C01299,2026-06-15 09:00:00,84.3139,1,96.0000,1,0.5851,Transfer Out,Phone,0.4505,Standard,Transfers
C01239,2026-06-15 10:20:49,66.4575,1,96.0000,0,0.6554,Transfer Out,Portal,0.3365,Standard,Transfers
C00127,2026-06-15 12:10:54,92.8181,0,72.0000,1,0.5593,Transfer Out,Post,0.2722,Urgent,Transfers
C00967,2026-06-15 12:12:48,47.0582,1,76.0000,0,0.7396,Complaint,Post,0.4204,Standard,Complaints
C00342,2026-06-15 12:51:30,92.1414,0,72.0000,1,0.6174,Transfer Out,Post,0.2129,Urgent,Transfers
C00729,2026-06-15 13:29:15,91.5124,0,128.0000,1,0.6064,Death Claim,Post,0.1971,Standard,Claims
C00116,2026-06-15 13:34:01,88.1869,1,96.0000,1,0.5208,Transfer Out,Portal,0.0327,Standard,Transfers
C00802,2026-06-15 14:13:57,90.7673,0,64.0000,0,0.5863,Retirement Quote,Phone,0.7714,Standard,Benefits
C00571,2026-06-15 14:34:40,90.4220,0,96.0000,1,0.6959,Transfer Out,Portal,0.8423,Standard,Transfers
C01218,2026-06-15 15:34:45,79.0818,1,64.0000,0,0.6302,Retirement Quote,Portal,0.5517,Standard,Benefits
C00525,2026-06-15 15:57:40,89.0388,0,128.0000,1,0.5612,Death Claim,Portal,0.4852,Standard,Claims
C00312,2026-06-16 09:22:49,87.6196,0,96.0000,1,0.6306,Death Claim,Post,0.3722,Urgent,Claims
C00991,2026-06-16 11:39:17,52.4695,1,96.0000,0,0.4762,Transfer Out,Portal,0.5805,Standard,Transfers
C01171,2026-06-16 15:02:47,41.1664,1,52.0000,0,0.6533,Contribution Correction,Portal,0.4565,Standard,Contributions
C01410,2026-06-16 16:04:30,29.5603,1,128.0000,0,0.5691,Death Claim,Portal,0.6202,Standard,Claims
C01365,2026-06-17 10:31:16,21.0085,1,64.0000,0,0.5648,Retirement Quote,Portal,0.1848,Standard,Benefits
C01229,2026-06-17 10:47:04,18.9117,1,52.0000,0,0.5174,Contribution Correction,Post,0.3592,Standard,Contributions
C00790,2026-06-17 11:51:59,0.6378,1,52.0000,0,0.7367,Contribution Correction,Portal,0.6110,Standard,Contributions
C00200,2026-06-17 14:36:55,74.3846,0,57.0000,1,0.4786,Complaint,Portal,0.3580,Urgent,Complaints
C00143,2026-06-18 11:00:55,69.9845,0,64.0000,0,0.5416,Retirement Quote,Portal,0.4726,Standard,Benefits
C01245,2026-06-18 11:43:52,0.2809,1,64.0000,0,0.6317,Retirement Quote,Portal,0.3066,Standard,Benefits
C01288,2026-06-18 12:13:57,57.8365,1,96.0000,0,0.6703,Transfer Out,Phone,0.2633,Standard,Transfers
C00352,2026-06-18 12:27:39,4.8844,1,96.0000,0,0.6424,Transfer Out,Portal,0.2943,Standard,Transfers
C01278,2026-06-18 13:40:48,55.5036,1,52.0000,0,0.7210,Contribution Correction,Phone,0.5804,Standard,Contributions
C01060,2026-06-18 13:51:33,67.1408,0,64.0000,0,0.6042,Retirement Quote,Post,0.2298,Standard,Benefits
C00108,2026-06-18 14:04:05,66.9319,0,128.0000,0,0.5628,Death Claim,Post,0.7853,Standard,Claims
C00290,2026-06-18 14:53:49,19.1591,1,96.0000,0,0.5907,Death Claim,Post,0.3386,Urgent,Claims
C00713,2026-06-18 14:53:59,66.1002,0,96.0000,1,0.5282,Transfer Out,Portal,0.4590,Standard,Transfers
C00092,2026-06-18 14:54:42,66.0882,0,96.0000,1,0.5466,Transfer Out,Portal,0.1325,Standard,Transfers
C00270,2026-06-18 16:12:49,47.6250,1,64.0000,0,0.5077,Retirement Quote,Post,0.4961,Standard,Benefits
C00321,2026-06-19 09:50:13,4.0695,1,64.0000,0,0.4874,Retirement Quote,Portal,0.3098,Standard,Benefits
C00607,2026-06-19 11:34:14,53.2841,1,128.0000,1,0.5687,Death Claim,Post,0.3613,Standard,Claims
C00495,2026-06-19 12:28:41,60.5217,0,128.0000,1,0.6930,Death Claim,Phone,0.5472,Standard,Claims
C00576,2026-06-19 14:13:16,58.7787,0,128.0000,1,0.6204,Death Claim,Phone,0.5579,Standard,Claims
C00183,2026-06-19 16:44:37,56.2562,0,96.0000,1,0.4590,Transfer Out,Portal,0.3824,Standard,Transfers
C00094,2026-06-22 09:00:00,56.0000,0,64.0000,0,0.6377,Retirement Quote,Portal,0.3839,Standard,Benefits
C00095,2026-06-22 09:00:00,56.0000,0,39.0000,1,0.5225,Contribution Correction,Portal,0.2898,Urgent,Contributions
C00212,2026-06-22 09:00:00,22.5164,1,64.0000,1,0.6761,Retirement Quote,Portal,0.7185,Standard,Benefits
C00222,2026-06-22 09:00:00,2.2315,1,64.0000,0,0.7326,Retirement Quote,Phone,0.4169,Standard,Benefits
C00317,2026-06-22 09:00:00,56.0000,0,96.0000,0,0.5955,Transfer Out,Post,0.4454,Standard,Transfers
C00337,2026-06-22 09:00:00,56.0000,0,76.0000,0,0.5872,Complaint,Phone,0.1454,Standard,Complaints
C00391,2026-06-22 09:00:00,5.2807,1,52.0000,0,0.5848,Contribution Correction,Phone,0.3431,Standard,Contributions
C00620,2026-06-22 09:00:00,56.0000,0,64.0000,0,0.6989,Retirement Quote,Post,0.8940,Standard,Benefits
C00624,2026-06-22 09:00:00,33.6362,1,96.0000,0,0.5542,Transfer Out,Portal,0.5208,Standard,Transfers
C00787,2026-06-22 09:00:00,56.0000,0,128.0000,1,0.5081,Death Claim,Portal,0.5845,Standard,Claims
C00882,2026-06-22 09:00:00,56.0000,0,64.0000,1,0.5836,Retirement Quote,Portal,0.7656,Standard,Benefits
C00964,2026-06-22 09:00:00,44.4545,1,64.0000,0,0.5230,Retirement Quote,Phone,0.2502,Standard,Benefits
C01054,2026-06-22 09:00:00,15.6622,1,48.0000,0,0.5427,Retirement Quote,Phone,0.6092,Urgent,Benefits
C01184,2026-06-22 09:00:00,56.0000,0,64.0000,1,0.5590,Retirement Quote,Portal,0.5324,Standard,Benefits
C01263,2026-06-22 09:00:00,19.6334,1,52.0000,0,0.5413,Contribution Correction,Phone,0.4673,Standard,Contributions
C01271,2026-06-22 09:00:00,5.9184,1,76.0000,0,0.5841,Complaint,Portal,0.2750,Standard,Complaints
C01360,2026-06-22 10:18:31,26.4522,1,52.0000,0,0.6204,Contribution Correction,Portal,0.2699,Standard,Contributions
C01264,2026-06-22 11:16:21,1.8065,1,39.0000,0,0.4976,Contribution Correction,Post,0.6094,Urgent,Contributions
C00504,2026-06-22 11:38:19,53.3613,0,96.0000,0,0.5411,Transfer Out,Post,0.5918,Standard,Transfers
C00567,2026-06-22 12:04:57,52.9172,0,57.0000,1,0.4711,Complaint,Phone,0.6769,Urgent,Complaints
C00638,2026-06-22 12:56:08,52.0643,0,128.0000,1,0.6235,Death Claim,Portal,0.1709,Standard,Claims
C00442,2026-06-22 15:33:34,45.2302,1,52.0000,0,0.5177,Contribution Correction,Post,0.3361,Standard,Contributions
C01337,2026-06-22 15:49:02,49.1827,0,39.0000,0,0.5221,Contribution Correction,Post,0.3556,Urgent,Contributions
C00663,2026-06-22 16:02:58,46.3875,1,76.0000,0,0.5043,Complaint,Portal,0.4828,Standard,Complaints
C00015,2026-06-23 09:28:40,34.2874,1,128.0000,0,0.6252,Death Claim,Portal,0.6164,Standard,Claims
C01431,2026-06-23 10:02:30,46.9582,0,128.0000,0,0.6390,Death Claim,Portal,0.4072,Standard,Claims
C00672,2026-06-23 10:54:35,46.0902,0,96.0000,1,0.4962,Transfer Out,Portal,0.2708,Standard,Transfers
C00550,2026-06-23 13:42:32,15.9732,1,52.0000,0,0.4880,Contribution Correction,Portal,0.8087,Standard,Contributions
C00488,2026-06-23 14:18:31,23.3196,1,48.0000,0,0.5237,Retirement Quote,Portal,0.4998,Urgent,Benefits
C00455,2026-06-23 15:19:19,41.6780,0,48.0000,1,0.5623,Retirement Quote,Portal,0.2801,Urgent,Benefits
C01422,2026-06-23 15:20:28,41.6587,0,96.0000,0,0.5732,Transfer Out,Portal,0.4741,Standard,Transfers
C00098,2026-06-23 16:32:46,40.4538,0,76.0000,0,0.4769,Complaint,Portal,0.3741,Standard,Complaints
C00340,2026-06-23 16:42:58,40.2839,0,96.0000,1,0.5807,Transfer Out,Portal,0.3991,Standard,Transfers
C00751,2026-06-24 09:06:37,39.8896,0,96.0000,0,0.4707,Transfer Out,Phone,0.4006,Standard,Transfers
C00008,2026-06-24 09:13:40,39.7721,0,128.0000,0,0.5357,Death Claim,Phone,0.7882,Standard,Claims
C00348,2026-06-24 09:29:34,18.3011,1,52.0000,0,0.5201,Contribution Correction,Phone,0.4422,Standard,Contributions
C01064,2026-06-24 09:36:50,33.1182,1,52.0000,0,0.5432,Contribution Correction,Phone,0.1970,Standard,Contributions
C00662,2026-06-24 09:44:17,39.2619,0,128.0000,1,0.5304,Death Claim,Phone,0.7363,Standard,Claims
C00073,2026-06-24 11:35:46,8.4604,1,64.0000,0,0.5193,Retirement Quote,Post,0.2805,Standard,Benefits
C00164,2026-06-24 11:54:43,37.0878,0,128.0000,0,0.3828,Death Claim,Phone,0.0837,Standard,Claims
C00142,2026-06-24 13:03:37,35.9396,0,64.0000,0,0.5080,Retirement Quote,Portal,0.2834,Standard,Benefits
C00350,2026-06-24 13:36:38,35.3892,0,64.0000,0,0.5542,Retirement Quote,Portal,0.4015,Standard,Benefits
C00754,2026-06-24 14:04:39,6.3787,1,128.0000,0,0.6624,Death Claim,Phone,0.4246,Standard,Claims
C01008,2026-06-24 15:58:10,4.2903,1,64.0000,0,0.6722,Retirement Quote,Portal,0.3005,Standard,Benefits
C01068,2026-06-24 16:28:02,22.1521,1,96.0000,0,0.6352,Transfer Out,Post,0.2361,Standard,Transfers
C00318,2026-06-24 16:51:07,32.1480,0,76.0000,0,0.4520,Complaint,Phone,0.7623,Standard,Complaints
C00793,2026-06-25 13:18:18,27.6949,0,48.0000,1,0.4352,Retirement Quote,Portal,0.6558,Urgent,Benefits
C00673,2026-06-25 13:24:09,27.5974,0,72.0000,0,0.4723,Transfer Out,Portal,0.8138,Urgent,Transfers
C00717,2026-06-25 13:51:48,23.4114,1,72.0000,0,0.3489,Transfer Out,Portal,0.5645,Urgent,Transfers
C00147,2026-06-25 15:05:17,25.9118,0,76.0000,0,0.4625,Complaint,Portal,0.2159,Standard,Complaints
C00237,2026-06-26 11:21:22,21.6439,0,52.0000,1,0.6726,Contribution Correction,Portal,0.4159,Standard,Contributions
C00759,2026-06-26 11:31:19,21.4780,0,96.0000,1,0.3896,Transfer Out,Portal,0.5025,Standard,Transfers
C01185,2026-06-26 12:08:35,20.8569,0,48.0000,0,0.5632,Retirement Quote,Phone,0.2350,Urgent,Benefits
C00434,2026-06-26 14:38:43,18.3545,0,128.0000,0,0.5613,Death Claim,Portal,0.2202,Standard,Claims
C00026,2026-06-26 14:51:56,18.1344,0,64.0000,0,0.6981,Retirement Quote,Phone,0.3790,Standard,Benefits
C00876,2026-06-26 15:26:54,17.5516,0,48.0000,0,0.5929,Retirement Quote,Portal,0.6908,Urgent,Benefits
C00087,2026-06-29 09:00:00,16.0000,0,52.0000,0,0.5492,Contribution Correction,Portal,0.5471,Standard,Contributions
C00144,2026-06-29 09:00:00,16.0000,0,52.0000,0,0.5815,Contribution Correction,Post,0.3950,Standard,Contributions
C00180,2026-06-29 09:00:00,16.0000,0,64.0000,0,0.5525,Retirement Quote,Post,0.4998,Standard,Benefits
C00437,2026-06-29 09:00:00,8.9535,1,96.0000,0,0.4985,Transfer Out,Portal,0.1655,Standard,Transfers
C00456,2026-06-29 09:00:00,2.4037,1,48.0000,0,0.4761,Retirement Quote,Post,0.2604,Urgent,Benefits
C00515,2026-06-29 09:00:00,16.0000,0,64.0000,1,0.5871,Retirement Quote,Phone,0.3658,Standard,Benefits
C00544,2026-06-29 09:00:00,16.0000,0,96.0000,0,0.5893,Death Claim,Post,0.1451,Urgent,Claims
C00737,2026-06-29 09:00:00,16.0000,0,64.0000,0,0.4502,Retirement Quote,Portal,0.3009,Standard,Benefits
C00769,2026-06-29 09:00:00,16.0000,0,64.0000,0,0.5503,Retirement Quote,Phone,0.2546,Standard,Benefits
C00815,2026-06-29 09:00:00,4.1319,1,64.0000,0,0.5599,Retirement Quote,Portal,0.6379,Standard,Benefits
C00915,2026-06-29 09:00:00,6.2469,1,128.0000,0,0.6831,Death Claim,Portal,0.1432,Standard,Claims
C00963,2026-06-29 09:00:00,16.0000,0,64.0000,0,0.7756,Retirement Quote,Phone,0.5576,Standard,Benefits
C01102,2026-06-29 09:00:00,11.4414,1,48.0000,0,0.6867,Retirement Quote,Phone,0.7485,Urgent,Benefits
C01145,2026-06-29 09:00:00,16.0000,0,96.0000,0,0.3422,Transfer Out,Portal,0.5602,Standard,Transfers
C01338,2026-06-29 09:00:00,16.0000,0,96.0000,1,0.4583,Transfer Out,Portal,0.3605,Standard,Transfers
C01140,2026-06-29 09:13:34,15.7736,0,64.0000,0,0.5438,Retirement Quote,Post,0.3213,Standard,Benefits
C01302,2026-06-29 09:54:35,9.0825,1,96.0000,0,0.4951,Transfer Out,Phone,0.2943,Standard,Transfers
C00946,2026-06-29 10:46:33,5.7610,1,57.0000,0,0.3786,Complaint,Phone,0.1190,Urgent,Complaints
C00404,2026-06-29 11:08:25,13.8597,0,76.0000,0,0.5826,Complaint,Post,0.5496,Standard,Complaints
C00155,2026-06-29 12:23:17,12.6119,0,64.0000,0,0.7950,Retirement Quote,Post,0.2070,Standard,Benefits
C00670,2026-06-29 12:54:55,12.0845,0,52.0000,0,0.4185,Contribution Correction,Portal,0.2750,Standard,Contributions
C00303,2026-06-29 15:15:17,9.7450,0,128.0000,0,0.5763,Death Claim,Portal,0.4417,Standard,Claims
